#
# There is insufficient memory for the Java Runtime Environment to continue.
# Native memory allocation (mmap) failed to map 483393536 bytes. Error detail: G1 virtual space
# Possible reasons:
#   The system is out of physical RAM or swap space
#   This process is running with CompressedOops enabled, and the Java Heap may be blocking the growth of the native heap
# Possible solutions:
#   Reduce memory load on the system
#   Increase physical memory or swap space
#   Check if swap backing store is full
#   Decrease Java heap size (-Xmx/-Xms)
#   Decrease number of Java threads
#   Decrease Java thread stack sizes (-Xss)
#   Set larger code cache with -XX:ReservedCodeCacheSize=
#   JVM is running with Unscaled Compressed Oops mode in which the Java heap is
#     placed in the first 4GB address space. The Java Heap base address is the
#     maximum limit for the native heap growth. Please use -XX:HeapBaseMinAddress
#     to set the Java Heap base and to place the Java Heap above 4GB virtual address.
# This output file may be truncated or incomplete.
#
#  Out of Memory Error (os_windows.cpp:3716), pid=4736, tid=8472
#
# JRE version: OpenJDK Runtime Environment Microsoft-12574459 (21.0.9+10) (build 21.0.9+10-LTS)
# Java VM: OpenJDK 64-Bit Server VM Microsoft-12574459 (21.0.9+10-LTS, mixed mode, sharing, tiered, compressed oops, compressed class ptrs, g1 gc, windows-amd64)
# No core dump will be written. Minidumps are not enabled by default on client versions of Windows
#

---------------  S U M M A R Y ------------

Command Line: --add-opens=java.base/java.lang=ALL-UNNAMED --add-opens=java.base/java.lang.invoke=ALL-UNNAMED --add-opens=java.base/java.util=ALL-UNNAMED --add-opens=java.prefs/java.util.prefs=ALL-UNNAMED --add-exports=jdk.compiler/com.sun.tools.javac.api=ALL-UNNAMED --add-exports=jdk.compiler/com.sun.tools.javac.util=ALL-UNNAMED --add-opens=java.base/java.util=ALL-UNNAMED --add-opens=java.prefs/java.util.prefs=ALL-UNNAMED --add-opens=java.base/java.nio.charset=ALL-UNNAMED --add-opens=java.base/java.net=ALL-UNNAMED --add-opens=java.base/java.util.concurrent=ALL-UNNAMED --add-opens=java.base/java.util.concurrent.atomic=ALL-UNNAMED --add-opens=java.xml/javax.xml.namespace=ALL-UNNAMED --add-opens=java.base/java.time=ALL-UNNAMED -Xmx2G -Dfile.encoding=UTF-8 -Duser.country=CN -Duser.language=zh -Duser.variant -javaagent:C:\Users\ZT3927\.gradle\wrapper\dists\gradle-9.2.0-bin\f4f1mptxfkvsyv6epgkdrsbuj\gradle-9.2.0\lib\agents\gradle-instrumentation-agent-9.2.0.jar org.gradle.launcher.daemon.bootstrap.GradleDaemon 9.2.0

Host: Intel(R) Core(TM) i5-4300U CPU @ 1.90GHz, 4 cores, 7G,  Windows 11 , 64 bit Build 22621 (10.0.22621.2506)
Time: Sat May 30 00:22:33 2026 elapsed time: 1805.487943 seconds (0d 0h 30m 5s)

---------------  T H R E A D  ---------------

Current thread (0x0000021c74fd7f70):  VMThread "VM Thread"          [id=8472, stack(0x0000005cbca00000,0x0000005cbcb00000) (1024K)]

Stack: [0x0000005cbca00000,0x0000005cbcb00000]
Native frames: (J=compiled Java code, j=interpreted, Vv=VM code, C=native code)
V  [jvm.dll+0x6df259]  (no source info available)
V  [jvm.dll+0x8bfe4b]  (no source info available)
V  [jvm.dll+0x8c23da]  (no source info available)
V  [jvm.dll+0x8c2ab3]  (no source info available)
V  [jvm.dll+0x28a416]  (no source info available)
V  [jvm.dll+0x6de705]  (no source info available)
V  [jvm.dll+0x6d264a]  (no source info available)
V  [jvm.dll+0x36742e]  (no source info available)
V  [jvm.dll+0x36f2fb]  (no source info available)
V  [jvm.dll+0x3c0c99]  (no source info available)
V  [jvm.dll+0x3c0f3b]  (no source info available)
V  [jvm.dll+0x33ace7]  (no source info available)
V  [jvm.dll+0x33ad77]  (no source info available)
V  [jvm.dll+0x37fb6c]  (no source info available)
V  [jvm.dll+0x37e34e]  (no source info available)
V  [jvm.dll+0x33a441]  (no source info available)
V  [jvm.dll+0x37d9ba]  (no source info available)
V  [jvm.dll+0x8c881f]  (no source info available)
V  [jvm.dll+0x8c9d2c]  (no source info available)
V  [jvm.dll+0x8ca2a4]  (no source info available)
V  [jvm.dll+0x8ca3a3]  (no source info available)
V  [jvm.dll+0x869f7d]  (no source info available)
V  [jvm.dll+0x6e080d]  (no source info available)
C  [ucrtbase.dll+0x29363]  (no source info available)
C  [KERNEL32.DLL+0x1257d]  (no source info available)
C  [ntdll.dll+0x5aa58]  (no source info available)

VM_Operation (0x0000005cc11fc9d0): G1CollectForAllocation, mode: safepoint, requested by thread 0x0000021c7ba83860


---------------  P R O C E S S  ---------------

Threads class SMR info:
_java_thread_list=0x0000021c7e96c410, length=72, elements={
0x0000021c58c19cf0, 0x0000021c74fefda0, 0x0000021c74ff1c10, 0x0000021c74ff3b80,
0x0000021c74ff66e0, 0x0000021c74ff7130, 0x0000021c74ff7b80, 0x0000021c74ff8900,
0x0000021c75015660, 0x0000021c7529b8d0, 0x0000021c7521e930, 0x0000021c7a4ccdd0,
0x0000021c7a214e20, 0x0000021c753150a0, 0x0000021c7a885a00, 0x0000021c7a886090,
0x0000021c7a886db0, 0x0000021c7ba86ce0, 0x0000021c7ba85fc0, 0x0000021c7ba89ad0,
0x0000021c7bed5c20, 0x0000021c7bed2e30, 0x0000021c7c66daa0, 0x0000021c7c672ff0,
0x0000021c7c66e130, 0x0000021c7c673680, 0x0000021c7c670890, 0x0000021c7ac64ff0,
0x0000021c7ac64960, 0x0000021c7ac65d10, 0x0000021c7ac63c40, 0x0000021c7ac663a0,
0x0000021c7ac642d0, 0x0000021c7ac670c0, 0x0000021c4698af00, 0x0000021c4698b590,
0x0000021c46988e30, 0x0000021c4698bc20, 0x0000021c4698c2b0, 0x0000021c46989b50,
0x0000021c4698cfd0, 0x0000021c4698c940, 0x0000021c4698d660, 0x0000021c4698e380,
0x0000021c4698a1e0, 0x0000021c4698dcf0, 0x0000021c4698f0a0, 0x0000021c46988110,
0x0000021c4698f730, 0x0000021c469887a0, 0x0000021c46eb6430, 0x0000021c46eb3640,
0x0000021c46eb5080, 0x0000021c46eb4360, 0x0000021c46eb7e70, 0x0000021c46eb8b90,
0x0000021c46eb49f0, 0x0000021c46eb2fb0, 0x0000021c46eb3cd0, 0x0000021c46eb5710,
0x0000021c46eb77e0, 0x0000021c46eb2920, 0x0000021c46eb9220, 0x0000021c46eb5da0,
0x0000021c46eb6ac0, 0x0000021c46eb2290, 0x0000021c7ba8a7f0, 0x0000021c7ba89440,
0x0000021c7ba87a00, 0x0000021c7ba88090, 0x0000021c7ba83860, 0x0000021c7ba8ae80
}

Java Threads: ( => current thread )
  0x0000021c58c19cf0 JavaThread "main"                              [_thread_blocked, id=3804, stack(0x0000005cbc300000,0x0000005cbc400000) (1024K)]
  0x0000021c74fefda0 JavaThread "Reference Handler"          daemon [_thread_blocked, id=8468, stack(0x0000005cbcb00000,0x0000005cbcc00000) (1024K)]
  0x0000021c74ff1c10 JavaThread "Finalizer"                  daemon [_thread_blocked, id=11480, stack(0x0000005cbcc00000,0x0000005cbcd00000) (1024K)]
  0x0000021c74ff3b80 JavaThread "Signal Dispatcher"          daemon [_thread_blocked, id=2348, stack(0x0000005cbcd00000,0x0000005cbce00000) (1024K)]
  0x0000021c74ff66e0 JavaThread "Attach Listener"            daemon [_thread_blocked, id=5300, stack(0x0000005cbce00000,0x0000005cbcf00000) (1024K)]
  0x0000021c74ff7130 JavaThread "Service Thread"             daemon [_thread_blocked, id=3720, stack(0x0000005cbcf00000,0x0000005cbd000000) (1024K)]
  0x0000021c74ff7b80 JavaThread "Monitor Deflation Thread"   daemon [_thread_blocked, id=8240, stack(0x0000005cbd000000,0x0000005cbd100000) (1024K)]
  0x0000021c74ff8900 JavaThread "C2 CompilerThread0"         daemon [_thread_blocked, id=10452, stack(0x0000005cbd100000,0x0000005cbd200000) (1024K)]
  0x0000021c75015660 JavaThread "C1 CompilerThread0"         daemon [_thread_blocked, id=2040, stack(0x0000005cbd200000,0x0000005cbd300000) (1024K)]
  0x0000021c7529b8d0 JavaThread "Common-Cleaner"             daemon [_thread_blocked, id=5084, stack(0x0000005cbd300000,0x0000005cbd400000) (1024K)]
  0x0000021c7521e930 JavaThread "Notification Thread"        daemon [_thread_blocked, id=7100, stack(0x0000005cbd400000,0x0000005cbd500000) (1024K)]
  0x0000021c7a4ccdd0 JavaThread "Daemon health stats"               [_thread_blocked, id=800, stack(0x0000005cbd900000,0x0000005cbda00000) (1024K)]
  0x0000021c7a214e20 JavaThread "Incoming local TCP Connector on port 61397"        [_thread_in_native, id=11316, stack(0x0000005cbd700000,0x0000005cbd800000) (1024K)]
  0x0000021c753150a0 JavaThread "Daemon periodic checks"            [_thread_blocked, id=3704, stack(0x0000005cbda00000,0x0000005cbdb00000) (1024K)]
  0x0000021c7a885a00 JavaThread "Cache worker for journal cache (C:\Users\ZT3927\.gradle\caches\journal-1)"        [_thread_blocked, id=1520, stack(0x0000005cbe200000,0x0000005cbe300000) (1024K)]
  0x0000021c7a886090 JavaThread "File lock request listener"        [_thread_in_native, id=8696, stack(0x0000005cbe300000,0x0000005cbe400000) (1024K)]
  0x0000021c7a886db0 JavaThread "Cache worker for file hash cache (C:\Users\ZT3927\.gradle\caches\9.2.0\fileHashes)"        [_thread_blocked, id=4740, stack(0x0000005cbe500000,0x0000005cbe600000) (1024K)]
  0x0000021c7ba86ce0 JavaThread "File watcher server"        daemon [_thread_blocked, id=10352, stack(0x0000005cbe700000,0x0000005cbe800000) (1024K)]
  0x0000021c7ba85fc0 JavaThread "File watcher consumer"      daemon [_thread_blocked, id=6596, stack(0x0000005cbe800000,0x0000005cbe900000) (1024K)]
  0x0000021c7ba89ad0 JavaThread "Cache worker for file content cache (C:\Users\ZT3927\.gradle\caches\9.2.0\fileContent)"        [_thread_blocked, id=8592, stack(0x0000005cbea00000,0x0000005cbeb00000) (1024K)]
  0x0000021c7bed5c20 JavaThread "Memory manager"                    [_thread_blocked, id=8272, stack(0x0000005cbf700000,0x0000005cbf800000) (1024K)]
  0x0000021c7bed2e30 JavaThread "HttpClient-1-SelectorManager" daemon [_thread_in_native, id=3464, stack(0x0000005cbf900000,0x0000005cbfa00000) (1024K)]
  0x0000021c7c66daa0 JavaThread "RMI Scheduler(0)"           daemon [_thread_blocked, id=2240, stack(0x0000005cc1500000,0x0000005cc1600000) (1024K)]
  0x0000021c7c672ff0 JavaThread "RMI GC Daemon"              daemon [_thread_blocked, id=10572, stack(0x0000005cc1800000,0x0000005cc1900000) (1024K)]
  0x0000021c7c66e130 JavaThread "RMI TCP Accept-0"           daemon [_thread_in_native, id=5228, stack(0x0000005cc1900000,0x0000005cc1a00000) (1024K)]
  0x0000021c7c673680 JavaThread "RMI Reaper"                        [_thread_blocked, id=10196, stack(0x0000005cc1a00000,0x0000005cc1b00000) (1024K)]
  0x0000021c7c670890 JavaThread "RMI RenewClean-[127.0.0.1:17283,org.jetbrains.kotlin.daemon.common.LoopbackNetworkInterface$ClientLoopbackSocketFactory@60ee15c]" daemon [_thread_blocked, id=5368, stack(0x0000005cc0b00000,0x0000005cc0c00000) (1024K)]
  0x0000021c7ac64ff0 JavaThread "Daemon Thread 4"                   [_thread_blocked, id=9080, stack(0x0000005cbc000000,0x0000005cbc100000) (1024K)]
  0x0000021c7ac64960 JavaThread "Handler for socket connection from /127.0.0.1:61397 to /127.0.0.1:53994"        [_thread_in_native, id=2416, stack(0x0000005cbc200000,0x0000005cbc300000) (1024K)]
  0x0000021c7ac65d10 JavaThread "Cancel handler"                    [_thread_blocked, id=11644, stack(0x0000005cbdb00000,0x0000005cbdc00000) (1024K)]
  0x0000021c7ac63c40 JavaThread "Daemon worker Thread 4"            [_thread_blocked, id=11580, stack(0x0000005cbdc00000,0x0000005cbdd00000) (1024K)]
  0x0000021c7ac663a0 JavaThread "Asynchronous log dispatcher for DefaultDaemonConnection: socket connection from /127.0.0.1:61397 to /127.0.0.1:53994"        [_thread_blocked, id=10784, stack(0x0000005cbdd00000,0x0000005cbde00000) (1024K)]
  0x0000021c7ac642d0 JavaThread "Stdin handler"                     [_thread_blocked, id=12160, stack(0x0000005cbde00000,0x0000005cbdf00000) (1024K)]
  0x0000021c7ac670c0 JavaThread "Daemon client event forwarder"        [_thread_blocked, id=8616, stack(0x0000005cbdf00000,0x0000005cbe000000) (1024K)]
  0x0000021c4698af00 JavaThread "Cache worker for file hash cache (H:\pm\.gradle\9.2.0\fileHashes)"        [_thread_blocked, id=10816, stack(0x0000005cbe000000,0x0000005cbe100000) (1024K)]
  0x0000021c4698b590 JavaThread "Cache worker for Build Output Cleanup Cache (H:\pm\.gradle\buildOutputCleanup)"        [_thread_blocked, id=12172, stack(0x0000005cbe100000,0x0000005cbe200000) (1024K)]
  0x0000021c46988e30 JavaThread "Cache worker for checksums cache (H:\pm\.gradle\9.2.0\checksums)"        [_thread_blocked, id=10380, stack(0x0000005cbe400000,0x0000005cbe500000) (1024K)]
  0x0000021c4698bc20 JavaThread "Cache worker for cache directory md-supplier (C:\Users\ZT3927\.gradle\caches\9.2.0\md-supplier)"        [_thread_blocked, id=5500, stack(0x0000005cbe600000,0x0000005cbe700000) (1024K)]
  0x0000021c4698c2b0 JavaThread "Cache worker for cache directory md-rule (C:\Users\ZT3927\.gradle\caches\9.2.0\md-rule)"        [_thread_blocked, id=6152, stack(0x0000005cbe900000,0x0000005cbea00000) (1024K)]
  0x0000021c46989b50 JavaThread "Unconstrained build operations"        [_thread_blocked, id=8992, stack(0x0000005cbeb00000,0x0000005cbec00000) (1024K)]
  0x0000021c4698cfd0 JavaThread "Unconstrained build operations Thread 2"        [_thread_blocked, id=9832, stack(0x0000005cbec00000,0x0000005cbed00000) (1024K)]
  0x0000021c4698c940 JavaThread "Unconstrained build operations Thread 3"        [_thread_blocked, id=7124, stack(0x0000005cbed00000,0x0000005cbee00000) (1024K)]
  0x0000021c4698d660 JavaThread "Unconstrained build operations Thread 4"        [_thread_blocked, id=1144, stack(0x0000005cbee00000,0x0000005cbef00000) (1024K)]
  0x0000021c4698e380 JavaThread "Unconstrained build operations Thread 5"        [_thread_blocked, id=9460, stack(0x0000005cbef00000,0x0000005cbf000000) (1024K)]
  0x0000021c4698a1e0 JavaThread "Unconstrained build operations Thread 6"        [_thread_blocked, id=10088, stack(0x0000005cbf000000,0x0000005cbf100000) (1024K)]
  0x0000021c4698dcf0 JavaThread "build event listener"              [_thread_blocked, id=10748, stack(0x0000005cbf100000,0x0000005cbf200000) (1024K)]
  0x0000021c4698f0a0 JavaThread "Unconstrained build operations Thread 7"        [_thread_blocked, id=1428, stack(0x0000005cbf200000,0x0000005cbf300000) (1024K)]
  0x0000021c46988110 JavaThread "Unconstrained build operations Thread 8"        [_thread_blocked, id=3580, stack(0x0000005cbf300000,0x0000005cbf400000) (1024K)]
  0x0000021c4698f730 JavaThread "Unconstrained build operations Thread 9"        [_thread_blocked, id=7980, stack(0x0000005cbf400000,0x0000005cbf500000) (1024K)]
  0x0000021c469887a0 JavaThread "Unconstrained build operations Thread 10"        [_thread_blocked, id=1812, stack(0x0000005cbf500000,0x0000005cbf600000) (1024K)]
  0x0000021c46eb6430 JavaThread "ForkJoinPool-1-worker-14"   daemon [_thread_blocked, id=6248, stack(0x0000005cbf600000,0x0000005cbf700000) (1024K)]
  0x0000021c46eb3640 JavaThread "ForkJoinPool-1-worker-15"   daemon [_thread_blocked, id=10540, stack(0x0000005cbf800000,0x0000005cbf900000) (1024K)]
  0x0000021c46eb5080 JavaThread "ForkJoinPool-1-worker-16"   daemon [_thread_blocked, id=12248, stack(0x0000005cbfa00000,0x0000005cbfb00000) (1024K)]
  0x0000021c46eb4360 JavaThread "ForkJoinPool-1-worker-17"   daemon [_thread_blocked, id=2232, stack(0x0000005cbfb00000,0x0000005cbfc00000) (1024K)]
  0x0000021c46eb7e70 JavaThread "included builds"                   [_thread_blocked, id=6904, stack(0x0000005cbfc00000,0x0000005cbfd00000) (1024K)]
  0x0000021c46eb8b90 JavaThread "Execution worker"                  [_thread_blocked, id=9736, stack(0x0000005cbfd00000,0x0000005cbfe00000) (1024K)]
  0x0000021c46eb49f0 JavaThread "Execution worker Thread 2"         [_thread_blocked, id=10064, stack(0x0000005cbfe00000,0x0000005cbff00000) (1024K)]
  0x0000021c46eb2fb0 JavaThread "Execution worker Thread 3"         [_thread_blocked, id=6956, stack(0x0000005cbff00000,0x0000005cc0000000) (1024K)]
  0x0000021c46eb3cd0 JavaThread "Cache worker for execution history cache (H:\pm\.gradle\9.2.0\executionHistory)"        [_thread_blocked, id=5640, stack(0x0000005cc0000000,0x0000005cc0100000) (1024K)]
  0x0000021c46eb5710 JavaThread "Unconstrained build operations Thread 11"        [_thread_blocked, id=220, stack(0x0000005cc0100000,0x0000005cc0200000) (1024K)]
  0x0000021c46eb77e0 JavaThread "Unconstrained build operations Thread 12"        [_thread_blocked, id=2172, stack(0x0000005cc0200000,0x0000005cc0300000) (1024K)]
  0x0000021c46eb2920 JavaThread "Unconstrained build operations Thread 13"        [_thread_blocked, id=9692, stack(0x0000005cc0300000,0x0000005cc0400000) (1024K)]
  0x0000021c46eb9220 JavaThread "Unconstrained build operations Thread 14"        [_thread_blocked, id=10172, stack(0x0000005cc0400000,0x0000005cc0500000) (1024K)]
  0x0000021c46eb5da0 JavaThread "Unconstrained build operations Thread 15"        [_thread_blocked, id=6676, stack(0x0000005cc0500000,0x0000005cc0600000) (1024K)]
  0x0000021c46eb6ac0 JavaThread "Unconstrained build operations Thread 16"        [_thread_blocked, id=11080, stack(0x0000005cc0600000,0x0000005cc0700000) (1024K)]
  0x0000021c46eb2290 JavaThread "Unconstrained build operations Thread 17"        [_thread_blocked, id=11060, stack(0x0000005cc0700000,0x0000005cc0800000) (1024K)]
  0x0000021c7ba8a7f0 JavaThread "Unconstrained build operations Thread 18"        [_thread_blocked, id=12104, stack(0x0000005cc0800000,0x0000005cc0900000) (1024K)]
  0x0000021c7ba89440 JavaThread "Unconstrained build operations Thread 19"        [_thread_blocked, id=1252, stack(0x0000005cc0900000,0x0000005cc0a00000) (1024K)]
  0x0000021c7ba87a00 JavaThread "WorkerExecutor Queue"              [_thread_in_native, id=8556, stack(0x0000005cc0a00000,0x0000005cc0b00000) (1024K)]
  0x0000021c7ba88090 JavaThread "RMI RenewClean-[127.0.0.1:17283,org.jetbrains.kotlin.daemon.common.LoopbackNetworkInterface$ClientLoopbackSocketFactory@18c1ae97]" daemon [_thread_blocked, id=3640, stack(0x0000005cc0c00000,0x0000005cc0d00000) (1024K)]
  0x0000021c7ba83860 JavaThread "WorkerExecutor Queue Thread 2"        [_thread_blocked, id=9068, stack(0x0000005cc1100000,0x0000005cc1200000) (1024K)]
  0x0000021c7ba8ae80 JavaThread "RMI TCP Connection(13)-127.0.0.1" daemon [_thread_in_native, id=10444, stack(0x0000005cc1200000,0x0000005cc1300000) (1024K)]
Total: 72

Other Threads:
=>0x0000021c74fd7f70 VMThread "VM Thread"                           [id=8472, stack(0x0000005cbca00000,0x0000005cbcb00000) (1024K)]
  0x0000021c74fc7490 WatcherThread "VM Periodic Task Thread"        [id=10004, stack(0x0000005cbc900000,0x0000005cbca00000) (1024K)]
  0x0000021c58c70080 WorkerThread "GC Thread#0"                     [id=4012, stack(0x0000005cbc400000,0x0000005cbc500000) (1024K)]
  0x0000021c752f5640 WorkerThread "GC Thread#1"                     [id=6128, stack(0x0000005cbd500000,0x0000005cbd600000) (1024K)]
  0x0000021c7532f9c0 WorkerThread "GC Thread#2"                     [id=1404, stack(0x0000005cbd600000,0x0000005cbd700000) (1024K)]
  0x0000021c7a1968f0 WorkerThread "GC Thread#3"                     [id=10032, stack(0x0000005cbd800000,0x0000005cbd900000) (1024K)]
  0x0000021c58c81060 ConcurrentGCThread "G1 Main Marker"            [id=9760, stack(0x0000005cbc500000,0x0000005cbc600000) (1024K)]
  0x0000021c58c81d10 WorkerThread "G1 Conc#0"                       [id=8384, stack(0x0000005cbc600000,0x0000005cbc700000) (1024K)]
  0x0000021c58cdeb10 ConcurrentGCThread "G1 Refine#0"               [id=8488, stack(0x0000005cbc700000,0x0000005cbc800000) (1024K)]
  0x0000021c46a33f50 ConcurrentGCThread "G1 Refine#1"               [id=7524, stack(0x0000005cc0d00000,0x0000005cc0e00000) (1024K)]
  0x0000021c46a35090 ConcurrentGCThread "G1 Refine#2"               [id=3908, stack(0x0000005cc0e00000,0x0000005cc0f00000) (1024K)]
  0x0000021c46a35930 ConcurrentGCThread "G1 Refine#3"               [id=8496, stack(0x0000005cc0f00000,0x0000005cc1000000) (1024K)]
  0x0000021c74e89840 ConcurrentGCThread "G1 Service"                [id=8504, stack(0x0000005cbc800000,0x0000005cbc900000) (1024K)]
Total: 13

Threads with active compile tasks:
Total: 0

VM state: at safepoint (normal execution)

VM Mutex/Monitor currently owned by a thread:  ([mutex/lock_event])
[0x00007ffc28f6b8b0] Threads_lock - owner thread: 0x0000021c74fd7f70
[0x00007ffc28f6b9b0] Heap_lock - owner thread: 0x0000021c7ba83860

Heap address: 0x0000000080000000, size: 2048 MB, Compressed Oops mode: 32-bit

CDS archive(s) mapped at: [0x0000021c00000000-0x0000021c00c80000-0x0000021c00c80000), size 13107200, SharedBaseAddress: 0x0000021c00000000, ArchiveRelocationMode: 1.
Compressed class space mapped at: 0x0000021c01000000-0x0000021c41000000, reserved size: 1073741824
Narrow klass base: 0x0000021c00000000, Narrow klass shift: 0, Narrow klass range: 0x100000000

GC Precious Log:
 CardTable entry size: 512
 Card Set container configuration: InlinePtr #cards 5 size 8 Array Of Cards #cards 12 size 40 Howl #buckets 4 coarsen threshold 1843 Howl Bitmap #cards 512 size 80 coarsen threshold 460 Card regions per heap region 1 cards per card region 2048
 CPUs: 4 total, 4 available
 Memory: 8071M
 Large Page Support: Disabled
 NUMA Support: Disabled
 Compressed Oops: Enabled (32-bit)
 Heap Region Size: 1M
 Heap Min Capacity: 8M
 Heap Initial Capacity: 128M
 Heap Max Capacity: 2G
 Pre-touch: Disabled
 Parallel Workers: 4
 Concurrent Workers: 1
 Concurrent Refinement Workers: 4
 Periodic GC: Disabled

Heap:
 garbage-first heap   total 560128K, used 340992K [0x0000000080000000, 0x0000000100000000)
  region size 1024K, 4 young (4096K), 4 survivors (4096K)
 Metaspace       used 107788K, committed 110336K, reserved 1179648K
  class space    used 14412K, committed 15680K, reserved 1048576K

Heap Regions: E=young(eden), S=young(survivor), O=old, HS=humongous(starts), HC=humongous(continues), CS=collection set, F=free, TAMS=top-at-mark-start, PB=parsable bottom
|   0|0x0000000080000000, 0x0000000080100000, 0x0000000080100000|100%|HS|  |TAMS 0x0000000080100000| PB 0x0000000080000000| Complete 
|   1|0x0000000080100000, 0x0000000080200000, 0x0000000080200000|100%|HC|  |TAMS 0x0000000080200000| PB 0x0000000080100000| Complete 
|   2|0x0000000080200000, 0x0000000080300000, 0x0000000080300000|100%|HC|  |TAMS 0x0000000080300000| PB 0x0000000080200000| Complete 
|   3|0x0000000080300000, 0x0000000080400000, 0x0000000080400000|100%|HC|  |TAMS 0x0000000080400000| PB 0x0000000080300000| Complete 
|   4|0x0000000080400000, 0x0000000080500000, 0x0000000080500000|100%| O|  |TAMS 0x0000000080500000| PB 0x0000000080400000| Untracked 
|   5|0x0000000080500000, 0x0000000080600000, 0x0000000080600000|100%| O|  |TAMS 0x0000000080600000| PB 0x0000000080500000| Untracked 
|   6|0x0000000080600000, 0x0000000080700000, 0x0000000080700000|100%| O|  |TAMS 0x0000000080700000| PB 0x0000000080600000| Untracked 
|   7|0x0000000080700000, 0x0000000080800000, 0x0000000080800000|100%| O|  |TAMS 0x0000000080800000| PB 0x0000000080700000| Untracked 
|   8|0x0000000080800000, 0x0000000080900000, 0x0000000080900000|100%|HS|  |TAMS 0x0000000080900000| PB 0x0000000080800000| Complete 
|   9|0x0000000080900000, 0x0000000080a00000, 0x0000000080a00000|100%| O|  |TAMS 0x0000000080a00000| PB 0x0000000080900000| Untracked 
|  10|0x0000000080a00000, 0x0000000080b00000, 0x0000000080b00000|100%| O|  |TAMS 0x0000000080b00000| PB 0x0000000080a00000| Untracked 
|  11|0x0000000080b00000, 0x0000000080c00000, 0x0000000080c00000|100%| O|  |TAMS 0x0000000080c00000| PB 0x0000000080b00000| Untracked 
|  12|0x0000000080c00000, 0x0000000080d00000, 0x0000000080d00000|100%| O|  |TAMS 0x0000000080d00000| PB 0x0000000080c00000| Untracked 
|  13|0x0000000080d00000, 0x0000000080e00000, 0x0000000080e00000|100%| O|  |TAMS 0x0000000080e00000| PB 0x0000000080d00000| Untracked 
|  14|0x0000000080e00000, 0x0000000080f00000, 0x0000000080f00000|100%| O|  |TAMS 0x0000000080f00000| PB 0x0000000080e00000| Untracked 
|  15|0x0000000080f00000, 0x0000000081000000, 0x0000000081000000|100%| O|  |TAMS 0x0000000081000000| PB 0x0000000080f00000| Untracked 
|  16|0x0000000081000000, 0x0000000081100000, 0x0000000081100000|100%| O|  |TAMS 0x0000000081100000| PB 0x0000000081000000| Untracked 
|  17|0x0000000081100000, 0x0000000081200000, 0x0000000081200000|100%| O|  |TAMS 0x0000000081200000| PB 0x0000000081100000| Untracked 
|  18|0x0000000081200000, 0x0000000081300000, 0x0000000081300000|100%| O|  |TAMS 0x0000000081300000| PB 0x0000000081200000| Untracked 
|  19|0x0000000081300000, 0x0000000081400000, 0x0000000081400000|100%| O|  |TAMS 0x0000000081400000| PB 0x0000000081300000| Untracked 
|  20|0x0000000081400000, 0x0000000081500000, 0x0000000081500000|100%| O|  |TAMS 0x0000000081500000| PB 0x0000000081400000| Untracked 
|  21|0x0000000081500000, 0x0000000081600000, 0x0000000081600000|100%| O|  |TAMS 0x0000000081600000| PB 0x0000000081500000| Untracked 
|  22|0x0000000081600000, 0x0000000081700000, 0x0000000081700000|100%| O|  |TAMS 0x0000000081700000| PB 0x0000000081600000| Untracked 
|  23|0x0000000081700000, 0x0000000081800000, 0x0000000081800000|100%| O|  |TAMS 0x0000000081800000| PB 0x0000000081700000| Untracked 
|  24|0x0000000081800000, 0x0000000081900000, 0x0000000081900000|100%| O|  |TAMS 0x0000000081900000| PB 0x0000000081800000| Untracked 
|  25|0x0000000081900000, 0x0000000081a00000, 0x0000000081a00000|100%| O|  |TAMS 0x0000000081a00000| PB 0x0000000081900000| Untracked 
|  26|0x0000000081a00000, 0x0000000081b00000, 0x0000000081b00000|100%| O|  |TAMS 0x0000000081b00000| PB 0x0000000081a00000| Untracked 
|  27|0x0000000081b00000, 0x0000000081c00000, 0x0000000081c00000|100%| O|  |TAMS 0x0000000081c00000| PB 0x0000000081b00000| Untracked 
|  28|0x0000000081c00000, 0x0000000081d00000, 0x0000000081d00000|100%| O|  |TAMS 0x0000000081d00000| PB 0x0000000081c00000| Untracked 
|  29|0x0000000081d00000, 0x0000000081e00000, 0x0000000081e00000|100%| O|  |TAMS 0x0000000081e00000| PB 0x0000000081d00000| Untracked 
|  30|0x0000000081e00000, 0x0000000081f00000, 0x0000000081f00000|100%| O|  |TAMS 0x0000000081f00000| PB 0x0000000081e00000| Untracked 
|  31|0x0000000081f00000, 0x0000000082000000, 0x0000000082000000|100%| O|  |TAMS 0x0000000082000000| PB 0x0000000081f00000| Untracked 
|  32|0x0000000082000000, 0x0000000082100000, 0x0000000082100000|100%| O|  |TAMS 0x0000000082100000| PB 0x0000000082000000| Untracked 
|  33|0x0000000082100000, 0x0000000082200000, 0x0000000082200000|100%| O|  |TAMS 0x0000000082200000| PB 0x0000000082100000| Untracked 
|  34|0x0000000082200000, 0x0000000082300000, 0x0000000082300000|100%| O|  |TAMS 0x0000000082300000| PB 0x0000000082200000| Untracked 
|  35|0x0000000082300000, 0x0000000082400000, 0x0000000082400000|100%| O|  |TAMS 0x0000000082400000| PB 0x0000000082300000| Untracked 
|  36|0x0000000082400000, 0x0000000082500000, 0x0000000082500000|100%|HS|  |TAMS 0x0000000082500000| PB 0x0000000082400000| Complete 
|  37|0x0000000082500000, 0x0000000082600000, 0x0000000082600000|100%|HS|  |TAMS 0x0000000082600000| PB 0x0000000082500000| Complete 
|  38|0x0000000082600000, 0x0000000082700000, 0x0000000082700000|100%|HC|  |TAMS 0x0000000082700000| PB 0x0000000082600000| Complete 
|  39|0x0000000082700000, 0x0000000082800000, 0x0000000082800000|100%| O|  |TAMS 0x0000000082800000| PB 0x0000000082700000| Untracked 
|  40|0x0000000082800000, 0x0000000082900000, 0x0000000082900000|100%| O|  |TAMS 0x0000000082900000| PB 0x0000000082800000| Untracked 
|  41|0x0000000082900000, 0x0000000082a00000, 0x0000000082a00000|100%| O|  |TAMS 0x0000000082a00000| PB 0x0000000082900000| Untracked 
|  42|0x0000000082a00000, 0x0000000082b00000, 0x0000000082b00000|100%| O|  |TAMS 0x0000000082b00000| PB 0x0000000082a00000| Untracked 
|  43|0x0000000082b00000, 0x0000000082c00000, 0x0000000082c00000|100%| O|  |TAMS 0x0000000082c00000| PB 0x0000000082b00000| Untracked 
|  44|0x0000000082c00000, 0x0000000082d00000, 0x0000000082d00000|100%| O|  |TAMS 0x0000000082d00000| PB 0x0000000082c00000| Untracked 
|  45|0x0000000082d00000, 0x0000000082e00000, 0x0000000082e00000|100%|HS|  |TAMS 0x0000000082e00000| PB 0x0000000082d00000| Complete 
|  46|0x0000000082e00000, 0x0000000082f00000, 0x0000000082f00000|100%|HC|  |TAMS 0x0000000082f00000| PB 0x0000000082e00000| Complete 
|  47|0x0000000082f00000, 0x0000000083000000, 0x0000000083000000|100%| O|  |TAMS 0x0000000083000000| PB 0x0000000082f00000| Untracked 
|  48|0x0000000083000000, 0x0000000083100000, 0x0000000083100000|100%| O|  |TAMS 0x0000000083100000| PB 0x0000000083000000| Untracked 
|  49|0x0000000083100000, 0x0000000083200000, 0x0000000083200000|100%| O|  |TAMS 0x0000000083200000| PB 0x0000000083100000| Untracked 
|  50|0x0000000083200000, 0x0000000083300000, 0x0000000083300000|100%| O|  |TAMS 0x0000000083300000| PB 0x0000000083200000| Untracked 
|  51|0x0000000083300000, 0x0000000083400000, 0x0000000083400000|100%| O|  |TAMS 0x0000000083400000| PB 0x0000000083300000| Untracked 
|  52|0x0000000083400000, 0x0000000083500000, 0x0000000083500000|100%| O|  |TAMS 0x0000000083500000| PB 0x0000000083400000| Untracked 
|  53|0x0000000083500000, 0x0000000083600000, 0x0000000083600000|100%| O|  |TAMS 0x0000000083600000| PB 0x0000000083500000| Untracked 
|  54|0x0000000083600000, 0x0000000083700000, 0x0000000083700000|100%| O|  |TAMS 0x0000000083700000| PB 0x0000000083600000| Untracked 
|  55|0x0000000083700000, 0x0000000083800000, 0x0000000083800000|100%| O|  |TAMS 0x0000000083800000| PB 0x0000000083700000| Untracked 
|  56|0x0000000083800000, 0x0000000083900000, 0x0000000083900000|100%| O|  |TAMS 0x0000000083900000| PB 0x0000000083800000| Untracked 
|  57|0x0000000083900000, 0x0000000083a00000, 0x0000000083a00000|100%| O|  |TAMS 0x0000000083a00000| PB 0x0000000083900000| Untracked 
|  58|0x0000000083a00000, 0x0000000083b00000, 0x0000000083b00000|100%| O|  |TAMS 0x0000000083b00000| PB 0x0000000083a00000| Untracked 
|  59|0x0000000083b00000, 0x0000000083c00000, 0x0000000083c00000|100%| O|  |TAMS 0x0000000083c00000| PB 0x0000000083b00000| Untracked 
|  60|0x0000000083c00000, 0x0000000083d00000, 0x0000000083d00000|100%| O|  |TAMS 0x0000000083d00000| PB 0x0000000083c00000| Untracked 
|  61|0x0000000083d00000, 0x0000000083e00000, 0x0000000083e00000|100%| O|  |TAMS 0x0000000083e00000| PB 0x0000000083d00000| Untracked 
|  62|0x0000000083e00000, 0x0000000083f00000, 0x0000000083f00000|100%| O|  |TAMS 0x0000000083f00000| PB 0x0000000083e00000| Untracked 
|  63|0x0000000083f00000, 0x0000000084000000, 0x0000000084000000|100%| O|  |TAMS 0x0000000084000000| PB 0x0000000083f00000| Untracked 
|  64|0x0000000084000000, 0x0000000084100000, 0x0000000084100000|100%| O|  |TAMS 0x0000000084100000| PB 0x0000000084000000| Untracked 
|  65|0x0000000084100000, 0x0000000084200000, 0x0000000084200000|100%| O|  |TAMS 0x0000000084200000| PB 0x0000000084100000| Untracked 
|  66|0x0000000084200000, 0x0000000084300000, 0x0000000084300000|100%| O|  |TAMS 0x0000000084300000| PB 0x0000000084200000| Untracked 
|  67|0x0000000084300000, 0x0000000084400000, 0x0000000084400000|100%| O|  |TAMS 0x0000000084400000| PB 0x0000000084300000| Untracked 
|  68|0x0000000084400000, 0x0000000084500000, 0x0000000084500000|100%|HS|  |TAMS 0x0000000084500000| PB 0x0000000084400000| Complete 
|  69|0x0000000084500000, 0x0000000084600000, 0x0000000084600000|100%| O|  |TAMS 0x0000000084600000| PB 0x0000000084500000| Untracked 
|  70|0x0000000084600000, 0x0000000084700000, 0x0000000084700000|100%| O|  |TAMS 0x0000000084700000| PB 0x0000000084600000| Untracked 
|  71|0x0000000084700000, 0x0000000084800000, 0x0000000084800000|100%| O|  |TAMS 0x0000000084800000| PB 0x0000000084700000| Untracked 
|  72|0x0000000084800000, 0x0000000084900000, 0x0000000084900000|100%| O|  |TAMS 0x0000000084900000| PB 0x0000000084800000| Untracked 
|  73|0x0000000084900000, 0x0000000084a00000, 0x0000000084a00000|100%| O|  |TAMS 0x0000000084a00000| PB 0x0000000084900000| Untracked 
|  74|0x0000000084a00000, 0x0000000084b00000, 0x0000000084b00000|100%| O|  |TAMS 0x0000000084b00000| PB 0x0000000084a00000| Untracked 
|  75|0x0000000084b00000, 0x0000000084c00000, 0x0000000084c00000|100%| O|  |TAMS 0x0000000084c00000| PB 0x0000000084b00000| Untracked 
|  76|0x0000000084c00000, 0x0000000084d00000, 0x0000000084d00000|100%| O|  |TAMS 0x0000000084d00000| PB 0x0000000084c00000| Untracked 
|  77|0x0000000084d00000, 0x0000000084e00000, 0x0000000084e00000|100%| O|  |TAMS 0x0000000084e00000| PB 0x0000000084d00000| Untracked 
|  78|0x0000000084e00000, 0x0000000084f00000, 0x0000000084f00000|100%| O|  |TAMS 0x0000000084f00000| PB 0x0000000084e00000| Untracked 
|  79|0x0000000084f00000, 0x0000000085000000, 0x0000000085000000|100%| O|  |TAMS 0x0000000085000000| PB 0x0000000084f00000| Untracked 
|  80|0x0000000085000000, 0x0000000085100000, 0x0000000085100000|100%| O|  |TAMS 0x0000000085100000| PB 0x0000000085000000| Untracked 
|  81|0x0000000085100000, 0x0000000085200000, 0x0000000085200000|100%| O|  |TAMS 0x0000000085200000| PB 0x0000000085100000| Untracked 
|  82|0x0000000085200000, 0x0000000085300000, 0x0000000085300000|100%| O|  |TAMS 0x0000000085300000| PB 0x0000000085200000| Untracked 
|  83|0x0000000085300000, 0x0000000085400000, 0x0000000085400000|100%| O|  |TAMS 0x0000000085400000| PB 0x0000000085300000| Untracked 
|  84|0x0000000085400000, 0x0000000085500000, 0x0000000085500000|100%| O|  |TAMS 0x0000000085500000| PB 0x0000000085400000| Untracked 
|  85|0x0000000085500000, 0x0000000085600000, 0x0000000085600000|100%| O|  |TAMS 0x0000000085600000| PB 0x0000000085500000| Untracked 
|  86|0x0000000085600000, 0x0000000085700000, 0x0000000085700000|100%| O|  |TAMS 0x0000000085700000| PB 0x0000000085600000| Untracked 
|  87|0x0000000085700000, 0x0000000085800000, 0x0000000085800000|100%| O|  |TAMS 0x0000000085800000| PB 0x0000000085700000| Untracked 
|  88|0x0000000085800000, 0x0000000085900000, 0x0000000085900000|100%| O|  |TAMS 0x0000000085900000| PB 0x0000000085800000| Untracked 
|  89|0x0000000085900000, 0x0000000085a00000, 0x0000000085a00000|100%| O|  |TAMS 0x0000000085a00000| PB 0x0000000085900000| Untracked 
|  90|0x0000000085a00000, 0x0000000085b00000, 0x0000000085b00000|100%| O|  |TAMS 0x0000000085b00000| PB 0x0000000085a00000| Untracked 
|  91|0x0000000085b00000, 0x0000000085c00000, 0x0000000085c00000|100%| O|  |TAMS 0x0000000085c00000| PB 0x0000000085b00000| Untracked 
|  92|0x0000000085c00000, 0x0000000085d00000, 0x0000000085d00000|100%| O|  |TAMS 0x0000000085d00000| PB 0x0000000085c00000| Untracked 
|  93|0x0000000085d00000, 0x0000000085e00000, 0x0000000085e00000|100%| O|  |TAMS 0x0000000085e00000| PB 0x0000000085d00000| Untracked 
|  94|0x0000000085e00000, 0x0000000085f00000, 0x0000000085f00000|100%| O|  |TAMS 0x0000000085f00000| PB 0x0000000085e00000| Untracked 
|  95|0x0000000085f00000, 0x0000000086000000, 0x0000000086000000|100%| O|  |TAMS 0x0000000086000000| PB 0x0000000085f00000| Untracked 
|  96|0x0000000086000000, 0x0000000086100000, 0x0000000086100000|100%| O|  |TAMS 0x0000000086100000| PB 0x0000000086000000| Untracked 
|  97|0x0000000086100000, 0x0000000086200000, 0x0000000086200000|100%| O|  |TAMS 0x0000000086200000| PB 0x0000000086100000| Untracked 
|  98|0x0000000086200000, 0x0000000086300000, 0x0000000086300000|100%| O|  |TAMS 0x0000000086300000| PB 0x0000000086200000| Untracked 
|  99|0x0000000086300000, 0x0000000086400000, 0x0000000086400000|100%| O|  |TAMS 0x0000000086400000| PB 0x0000000086300000| Untracked 
| 100|0x0000000086400000, 0x0000000086500000, 0x0000000086500000|100%| O|  |TAMS 0x0000000086500000| PB 0x0000000086400000| Untracked 
| 101|0x0000000086500000, 0x0000000086600000, 0x0000000086600000|100%| O|  |TAMS 0x0000000086600000| PB 0x0000000086500000| Untracked 
| 102|0x0000000086600000, 0x0000000086700000, 0x0000000086700000|100%| O|  |TAMS 0x0000000086700000| PB 0x0000000086600000| Untracked 
| 103|0x0000000086700000, 0x0000000086800000, 0x0000000086800000|100%| O|  |TAMS 0x0000000086800000| PB 0x0000000086700000| Untracked 
| 104|0x0000000086800000, 0x0000000086900000, 0x0000000086900000|100%| O|  |TAMS 0x0000000086900000| PB 0x0000000086800000| Untracked 
| 105|0x0000000086900000, 0x0000000086a00000, 0x0000000086a00000|100%| O|  |TAMS 0x0000000086a00000| PB 0x0000000086900000| Untracked 
| 106|0x0000000086a00000, 0x0000000086b00000, 0x0000000086b00000|100%| O|  |TAMS 0x0000000086b00000| PB 0x0000000086a00000| Untracked 
| 107|0x0000000086b00000, 0x0000000086c00000, 0x0000000086c00000|100%| O|  |TAMS 0x0000000086c00000| PB 0x0000000086b00000| Untracked 
| 108|0x0000000086c00000, 0x0000000086d00000, 0x0000000086d00000|100%| O|  |TAMS 0x0000000086d00000| PB 0x0000000086c00000| Untracked 
| 109|0x0000000086d00000, 0x0000000086e00000, 0x0000000086e00000|100%| O|  |TAMS 0x0000000086e00000| PB 0x0000000086d00000| Untracked 
| 110|0x0000000086e00000, 0x0000000086f00000, 0x0000000086f00000|100%| O|  |TAMS 0x0000000086f00000| PB 0x0000000086e00000| Untracked 
| 111|0x0000000086f00000, 0x0000000087000000, 0x0000000087000000|100%| O|  |TAMS 0x0000000087000000| PB 0x0000000086f00000| Untracked 
| 112|0x0000000087000000, 0x0000000087100000, 0x0000000087100000|100%| O|  |TAMS 0x0000000087100000| PB 0x0000000087000000| Untracked 
| 113|0x0000000087100000, 0x0000000087200000, 0x0000000087200000|100%| O|  |TAMS 0x0000000087200000| PB 0x0000000087100000| Untracked 
| 114|0x0000000087200000, 0x0000000087300000, 0x0000000087300000|100%| O|  |TAMS 0x0000000087300000| PB 0x0000000087200000| Untracked 
| 115|0x0000000087300000, 0x0000000087400000, 0x0000000087400000|100%| O|  |TAMS 0x0000000087400000| PB 0x0000000087300000| Untracked 
| 116|0x0000000087400000, 0x0000000087500000, 0x0000000087500000|100%| O|  |TAMS 0x0000000087500000| PB 0x0000000087400000| Untracked 
| 117|0x0000000087500000, 0x0000000087600000, 0x0000000087600000|100%| O|  |TAMS 0x0000000087600000| PB 0x0000000087500000| Untracked 
| 118|0x0000000087600000, 0x0000000087700000, 0x0000000087700000|100%| O|  |TAMS 0x0000000087700000| PB 0x0000000087600000| Untracked 
| 119|0x0000000087700000, 0x0000000087800000, 0x0000000087800000|100%| O|  |TAMS 0x0000000087800000| PB 0x0000000087700000| Untracked 
| 120|0x0000000087800000, 0x0000000087900000, 0x0000000087900000|100%| O|  |TAMS 0x0000000087900000| PB 0x0000000087800000| Untracked 
| 121|0x0000000087900000, 0x0000000087a00000, 0x0000000087a00000|100%| O|  |TAMS 0x0000000087a00000| PB 0x0000000087900000| Untracked 
| 122|0x0000000087a00000, 0x0000000087b00000, 0x0000000087b00000|100%| O|  |TAMS 0x0000000087b00000| PB 0x0000000087a00000| Untracked 
| 123|0x0000000087b00000, 0x0000000087c00000, 0x0000000087c00000|100%| O|  |TAMS 0x0000000087c00000| PB 0x0000000087b00000| Untracked 
| 124|0x0000000087c00000, 0x0000000087d00000, 0x0000000087d00000|100%| O|  |TAMS 0x0000000087d00000| PB 0x0000000087c00000| Untracked 
| 125|0x0000000087d00000, 0x0000000087e00000, 0x0000000087e00000|100%| O|  |TAMS 0x0000000087e00000| PB 0x0000000087d00000| Untracked 
| 126|0x0000000087e00000, 0x0000000087f00000, 0x0000000087f00000|100%| O|  |TAMS 0x0000000087f00000| PB 0x0000000087e00000| Untracked 
| 127|0x0000000087f00000, 0x0000000088000000, 0x0000000088000000|100%| O|  |TAMS 0x0000000088000000| PB 0x0000000087f00000| Untracked 
| 128|0x0000000088000000, 0x0000000088100000, 0x0000000088100000|100%| O|  |TAMS 0x0000000088100000| PB 0x0000000088000000| Untracked 
| 129|0x0000000088100000, 0x0000000088200000, 0x0000000088200000|100%| O|  |TAMS 0x0000000088200000| PB 0x0000000088100000| Untracked 
| 130|0x0000000088200000, 0x0000000088300000, 0x0000000088300000|100%| O|  |TAMS 0x0000000088300000| PB 0x0000000088200000| Untracked 
| 131|0x0000000088300000, 0x0000000088400000, 0x0000000088400000|100%| O|  |TAMS 0x0000000088300000| PB 0x0000000088300000| Untracked 
| 132|0x0000000088400000, 0x0000000088500000, 0x0000000088500000|100%| O|  |TAMS 0x0000000088500000| PB 0x0000000088400000| Untracked 
| 133|0x0000000088500000, 0x0000000088600000, 0x0000000088600000|100%| O|  |TAMS 0x0000000088600000| PB 0x0000000088500000| Untracked 
| 134|0x0000000088600000, 0x0000000088700000, 0x0000000088700000|100%| O|  |TAMS 0x0000000088700000| PB 0x0000000088600000| Untracked 
| 135|0x0000000088700000, 0x0000000088800000, 0x0000000088800000|100%| O|  |TAMS 0x0000000088800000| PB 0x0000000088700000| Untracked 
| 136|0x0000000088800000, 0x0000000088900000, 0x0000000088900000|100%| O|  |TAMS 0x0000000088900000| PB 0x0000000088800000| Untracked 
| 137|0x0000000088900000, 0x0000000088a00000, 0x0000000088a00000|100%| O|  |TAMS 0x0000000088a00000| PB 0x0000000088900000| Untracked 
| 138|0x0000000088a00000, 0x0000000088b00000, 0x0000000088b00000|100%| O|  |TAMS 0x0000000088a00000| PB 0x0000000088a00000| Untracked 
| 139|0x0000000088b00000, 0x0000000088c00000, 0x0000000088c00000|100%| O|  |TAMS 0x0000000088b00000| PB 0x0000000088b00000| Untracked 
| 140|0x0000000088c00000, 0x0000000088d00000, 0x0000000088d00000|100%| O|  |TAMS 0x0000000088d00000| PB 0x0000000088c00000| Untracked 
| 141|0x0000000088d00000, 0x0000000088e00000, 0x0000000088e00000|100%| O|  |TAMS 0x0000000088e00000| PB 0x0000000088d00000| Untracked 
| 142|0x0000000088e00000, 0x0000000088f00000, 0x0000000088f00000|100%| O|  |TAMS 0x0000000088f00000| PB 0x0000000088e00000| Untracked 
| 143|0x0000000088f00000, 0x0000000089000000, 0x0000000089000000|100%| O|  |TAMS 0x0000000089000000| PB 0x0000000088f00000| Untracked 
| 144|0x0000000089000000, 0x0000000089100000, 0x0000000089100000|100%| O|  |TAMS 0x0000000089100000| PB 0x0000000089000000| Untracked 
| 145|0x0000000089100000, 0x0000000089200000, 0x0000000089200000|100%| O|  |TAMS 0x0000000089200000| PB 0x0000000089100000| Untracked 
| 146|0x0000000089200000, 0x0000000089300000, 0x0000000089300000|100%| O|  |TAMS 0x0000000089300000| PB 0x0000000089200000| Untracked 
| 147|0x0000000089300000, 0x0000000089400000, 0x0000000089400000|100%| O|  |TAMS 0x0000000089400000| PB 0x0000000089300000| Untracked 
| 148|0x0000000089400000, 0x0000000089500000, 0x0000000089500000|100%| O|  |TAMS 0x0000000089500000| PB 0x0000000089400000| Untracked 
| 149|0x0000000089500000, 0x0000000089600000, 0x0000000089600000|100%| O|  |TAMS 0x0000000089600000| PB 0x0000000089500000| Untracked 
| 150|0x0000000089600000, 0x0000000089700000, 0x0000000089700000|100%| O|  |TAMS 0x0000000089700000| PB 0x0000000089600000| Untracked 
| 151|0x0000000089700000, 0x0000000089800000, 0x0000000089800000|100%| O|  |TAMS 0x0000000089800000| PB 0x0000000089700000| Untracked 
| 152|0x0000000089800000, 0x0000000089900000, 0x0000000089900000|100%| O|  |TAMS 0x0000000089900000| PB 0x0000000089800000| Untracked 
| 153|0x0000000089900000, 0x0000000089a00000, 0x0000000089a00000|100%| O|  |TAMS 0x0000000089a00000| PB 0x0000000089900000| Untracked 
| 154|0x0000000089a00000, 0x0000000089b00000, 0x0000000089b00000|100%| O|  |TAMS 0x0000000089b00000| PB 0x0000000089a00000| Untracked 
| 155|0x0000000089b00000, 0x0000000089c00000, 0x0000000089c00000|100%| O|  |TAMS 0x0000000089c00000| PB 0x0000000089b00000| Untracked 
| 156|0x0000000089c00000, 0x0000000089d00000, 0x0000000089d00000|100%| O|  |TAMS 0x0000000089d00000| PB 0x0000000089c00000| Untracked 
| 157|0x0000000089d00000, 0x0000000089e00000, 0x0000000089e00000|100%| O|  |TAMS 0x0000000089d00000| PB 0x0000000089d00000| Untracked 
| 158|0x0000000089e00000, 0x0000000089f00000, 0x0000000089f00000|100%| O|  |TAMS 0x0000000089e00000| PB 0x0000000089e00000| Untracked 
| 159|0x0000000089f00000, 0x000000008a000000, 0x000000008a000000|100%| O|  |TAMS 0x0000000089f00000| PB 0x0000000089f00000| Untracked 
| 160|0x000000008a000000, 0x000000008a100000, 0x000000008a100000|100%| O|  |TAMS 0x000000008a100000| PB 0x000000008a000000| Untracked 
| 161|0x000000008a100000, 0x000000008a200000, 0x000000008a200000|100%| O|  |TAMS 0x000000008a100000| PB 0x000000008a100000| Untracked 
| 162|0x000000008a200000, 0x000000008a300000, 0x000000008a300000|100%| O|  |TAMS 0x000000008a300000| PB 0x000000008a200000| Untracked 
| 163|0x000000008a300000, 0x000000008a400000, 0x000000008a400000|100%| O|  |TAMS 0x000000008a400000| PB 0x000000008a300000| Untracked 
| 164|0x000000008a400000, 0x000000008a500000, 0x000000008a500000|100%| O|  |TAMS 0x000000008a500000| PB 0x000000008a400000| Untracked 
| 165|0x000000008a500000, 0x000000008a600000, 0x000000008a600000|100%| O|  |TAMS 0x000000008a600000| PB 0x000000008a500000| Untracked 
| 166|0x000000008a600000, 0x000000008a700000, 0x000000008a700000|100%| O|  |TAMS 0x000000008a700000| PB 0x000000008a600000| Untracked 
| 167|0x000000008a700000, 0x000000008a800000, 0x000000008a800000|100%| O|  |TAMS 0x000000008a800000| PB 0x000000008a700000| Untracked 
| 168|0x000000008a800000, 0x000000008a900000, 0x000000008a900000|100%| O|  |TAMS 0x000000008a900000| PB 0x000000008a800000| Untracked 
| 169|0x000000008a900000, 0x000000008aa00000, 0x000000008aa00000|100%| O|  |TAMS 0x000000008aa00000| PB 0x000000008a900000| Untracked 
| 170|0x000000008aa00000, 0x000000008ab00000, 0x000000008ab00000|100%| O|  |TAMS 0x000000008ab00000| PB 0x000000008aa00000| Untracked 
| 171|0x000000008ab00000, 0x000000008ac00000, 0x000000008ac00000|100%| O|  |TAMS 0x000000008ac00000| PB 0x000000008ab00000| Untracked 
| 172|0x000000008ac00000, 0x000000008ad00000, 0x000000008ad00000|100%| O|  |TAMS 0x000000008ad00000| PB 0x000000008ac00000| Untracked 
| 173|0x000000008ad00000, 0x000000008ae00000, 0x000000008ae00000|100%| O|  |TAMS 0x000000008ae00000| PB 0x000000008ad00000| Untracked 
| 174|0x000000008ae00000, 0x000000008af00000, 0x000000008af00000|100%| O|  |TAMS 0x000000008af00000| PB 0x000000008ae00000| Untracked 
| 175|0x000000008af00000, 0x000000008b000000, 0x000000008b000000|100%| O|  |TAMS 0x000000008b000000| PB 0x000000008af00000| Untracked 
| 176|0x000000008b000000, 0x000000008b100000, 0x000000008b100000|100%| O|  |TAMS 0x000000008b100000| PB 0x000000008b000000| Untracked 
| 177|0x000000008b100000, 0x000000008b200000, 0x000000008b200000|100%| O|  |TAMS 0x000000008b200000| PB 0x000000008b100000| Untracked 
| 178|0x000000008b200000, 0x000000008b300000, 0x000000008b300000|100%| O|  |TAMS 0x000000008b300000| PB 0x000000008b200000| Untracked 
| 179|0x000000008b300000, 0x000000008b400000, 0x000000008b400000|100%| O|  |TAMS 0x000000008b400000| PB 0x000000008b300000| Untracked 
| 180|0x000000008b400000, 0x000000008b500000, 0x000000008b500000|100%| O|  |TAMS 0x000000008b500000| PB 0x000000008b400000| Untracked 
| 181|0x000000008b500000, 0x000000008b600000, 0x000000008b600000|100%| O|  |TAMS 0x000000008b600000| PB 0x000000008b500000| Untracked 
| 182|0x000000008b600000, 0x000000008b700000, 0x000000008b700000|100%| O|  |TAMS 0x000000008b700000| PB 0x000000008b600000| Untracked 
| 183|0x000000008b700000, 0x000000008b800000, 0x000000008b800000|100%| O|  |TAMS 0x000000008b800000| PB 0x000000008b700000| Untracked 
| 184|0x000000008b800000, 0x000000008b900000, 0x000000008b900000|100%| O|  |TAMS 0x000000008b900000| PB 0x000000008b800000| Untracked 
| 185|0x000000008b900000, 0x000000008ba00000, 0x000000008ba00000|100%| O|  |TAMS 0x000000008ba00000| PB 0x000000008b900000| Untracked 
| 186|0x000000008ba00000, 0x000000008bb00000, 0x000000008bb00000|100%| O|  |TAMS 0x000000008bb00000| PB 0x000000008ba00000| Untracked 
| 187|0x000000008bb00000, 0x000000008bc00000, 0x000000008bc00000|100%| O|  |TAMS 0x000000008bc00000| PB 0x000000008bb00000| Untracked 
| 188|0x000000008bc00000, 0x000000008bd00000, 0x000000008bd00000|100%| O|  |TAMS 0x000000008bd00000| PB 0x000000008bc00000| Untracked 
| 189|0x000000008bd00000, 0x000000008be00000, 0x000000008be00000|100%| O|  |TAMS 0x000000008be00000| PB 0x000000008bd00000| Untracked 
| 190|0x000000008be00000, 0x000000008bf00000, 0x000000008bf00000|100%| O|  |TAMS 0x000000008bf00000| PB 0x000000008be00000| Untracked 
| 191|0x000000008bf00000, 0x000000008c000000, 0x000000008c000000|100%| O|  |TAMS 0x000000008c000000| PB 0x000000008bf00000| Untracked 
| 192|0x000000008c000000, 0x000000008c100000, 0x000000008c100000|100%| O|  |TAMS 0x000000008c100000| PB 0x000000008c000000| Untracked 
| 193|0x000000008c100000, 0x000000008c200000, 0x000000008c200000|100%| O|  |TAMS 0x000000008c200000| PB 0x000000008c100000| Untracked 
| 194|0x000000008c200000, 0x000000008c300000, 0x000000008c300000|100%| O|  |TAMS 0x000000008c300000| PB 0x000000008c200000| Untracked 
| 195|0x000000008c300000, 0x000000008c400000, 0x000000008c400000|100%| O|  |TAMS 0x000000008c400000| PB 0x000000008c300000| Untracked 
| 196|0x000000008c400000, 0x000000008c500000, 0x000000008c500000|100%| O|  |TAMS 0x000000008c500000| PB 0x000000008c400000| Untracked 
| 197|0x000000008c500000, 0x000000008c600000, 0x000000008c600000|100%| O|  |TAMS 0x000000008c600000| PB 0x000000008c500000| Untracked 
| 198|0x000000008c600000, 0x000000008c700000, 0x000000008c700000|100%| O|  |TAMS 0x000000008c700000| PB 0x000000008c600000| Untracked 
| 199|0x000000008c700000, 0x000000008c800000, 0x000000008c800000|100%| O|  |TAMS 0x000000008c800000| PB 0x000000008c700000| Untracked 
| 200|0x000000008c800000, 0x000000008c900000, 0x000000008c900000|100%| O|  |TAMS 0x000000008c900000| PB 0x000000008c800000| Untracked 
| 201|0x000000008c900000, 0x000000008ca00000, 0x000000008ca00000|100%| O|  |TAMS 0x000000008ca00000| PB 0x000000008c900000| Untracked 
| 202|0x000000008ca00000, 0x000000008cb00000, 0x000000008cb00000|100%| O|  |TAMS 0x000000008cb00000| PB 0x000000008ca00000| Untracked 
| 203|0x000000008cb00000, 0x000000008cc00000, 0x000000008cc00000|100%| O|  |TAMS 0x000000008cb00000| PB 0x000000008cb00000| Untracked 
| 204|0x000000008cc00000, 0x000000008cd00000, 0x000000008cd00000|100%| O|  |TAMS 0x000000008cc00000| PB 0x000000008cc00000| Untracked 
| 205|0x000000008cd00000, 0x000000008ce00000, 0x000000008ce00000|100%| O|  |TAMS 0x000000008ce00000| PB 0x000000008cd00000| Untracked 
| 206|0x000000008ce00000, 0x000000008cf00000, 0x000000008cf00000|100%| O|  |TAMS 0x000000008ce00000| PB 0x000000008ce00000| Untracked 
| 207|0x000000008cf00000, 0x000000008d000000, 0x000000008d000000|100%| O|  |TAMS 0x000000008d000000| PB 0x000000008cf00000| Untracked 
| 208|0x000000008d000000, 0x000000008d100000, 0x000000008d100000|100%| O|  |TAMS 0x000000008d000000| PB 0x000000008d000000| Untracked 
| 209|0x000000008d100000, 0x000000008d200000, 0x000000008d200000|100%| O|  |TAMS 0x000000008d200000| PB 0x000000008d100000| Untracked 
| 210|0x000000008d200000, 0x000000008d300000, 0x000000008d300000|100%| O|  |TAMS 0x000000008d300000| PB 0x000000008d200000| Untracked 
| 211|0x000000008d300000, 0x000000008d400000, 0x000000008d400000|100%| O|  |TAMS 0x000000008d400000| PB 0x000000008d300000| Untracked 
| 212|0x000000008d400000, 0x000000008d500000, 0x000000008d500000|100%| O|  |TAMS 0x000000008d500000| PB 0x000000008d400000| Untracked 
| 213|0x000000008d500000, 0x000000008d600000, 0x000000008d600000|100%| O|  |TAMS 0x000000008d600000| PB 0x000000008d500000| Untracked 
| 214|0x000000008d600000, 0x000000008d700000, 0x000000008d700000|100%| O|  |TAMS 0x000000008d700000| PB 0x000000008d600000| Untracked 
| 215|0x000000008d700000, 0x000000008d800000, 0x000000008d800000|100%| O|  |TAMS 0x000000008d800000| PB 0x000000008d700000| Untracked 
| 216|0x000000008d800000, 0x000000008d900000, 0x000000008d900000|100%| O|  |TAMS 0x000000008d900000| PB 0x000000008d800000| Untracked 
| 217|0x000000008d900000, 0x000000008da00000, 0x000000008da00000|100%| O|  |TAMS 0x000000008da00000| PB 0x000000008d900000| Untracked 
| 218|0x000000008da00000, 0x000000008db00000, 0x000000008db00000|100%| O|  |TAMS 0x000000008db00000| PB 0x000000008da00000| Untracked 
| 219|0x000000008db00000, 0x000000008dc00000, 0x000000008dc00000|100%| O|  |TAMS 0x000000008dc00000| PB 0x000000008db00000| Untracked 
| 220|0x000000008dc00000, 0x000000008dd00000, 0x000000008dd00000|100%| O|  |TAMS 0x000000008dd00000| PB 0x000000008dc00000| Untracked 
| 221|0x000000008dd00000, 0x000000008de00000, 0x000000008de00000|100%| O|  |TAMS 0x000000008de00000| PB 0x000000008dd00000| Untracked 
| 222|0x000000008de00000, 0x000000008df00000, 0x000000008df00000|100%| O|  |TAMS 0x000000008df00000| PB 0x000000008de00000| Untracked 
| 223|0x000000008df00000, 0x000000008e000000, 0x000000008e000000|100%| O|  |TAMS 0x000000008e000000| PB 0x000000008df00000| Untracked 
| 224|0x000000008e000000, 0x000000008e100000, 0x000000008e100000|100%| O|  |TAMS 0x000000008e100000| PB 0x000000008e000000| Untracked 
| 225|0x000000008e100000, 0x000000008e200000, 0x000000008e200000|100%| O|  |TAMS 0x000000008e200000| PB 0x000000008e100000| Untracked 
| 226|0x000000008e200000, 0x000000008e300000, 0x000000008e300000|100%| O|  |TAMS 0x000000008e300000| PB 0x000000008e200000| Untracked 
| 227|0x000000008e300000, 0x000000008e400000, 0x000000008e400000|100%| O|  |TAMS 0x000000008e400000| PB 0x000000008e300000| Untracked 
| 228|0x000000008e400000, 0x000000008e500000, 0x000000008e500000|100%| O|  |TAMS 0x000000008e500000| PB 0x000000008e400000| Untracked 
| 229|0x000000008e500000, 0x000000008e600000, 0x000000008e600000|100%| O|  |TAMS 0x000000008e600000| PB 0x000000008e500000| Untracked 
| 230|0x000000008e600000, 0x000000008e700000, 0x000000008e700000|100%| O|  |TAMS 0x000000008e700000| PB 0x000000008e600000| Untracked 
| 231|0x000000008e700000, 0x000000008e800000, 0x000000008e800000|100%| O|  |TAMS 0x000000008e800000| PB 0x000000008e700000| Untracked 
| 232|0x000000008e800000, 0x000000008e900000, 0x000000008e900000|100%| O|  |TAMS 0x000000008e900000| PB 0x000000008e800000| Untracked 
| 233|0x000000008e900000, 0x000000008ea00000, 0x000000008ea00000|100%| O|  |TAMS 0x000000008ea00000| PB 0x000000008e900000| Untracked 
| 234|0x000000008ea00000, 0x000000008eb00000, 0x000000008eb00000|100%| O|  |TAMS 0x000000008eb00000| PB 0x000000008ea00000| Untracked 
| 235|0x000000008eb00000, 0x000000008ec00000, 0x000000008ec00000|100%| O|  |TAMS 0x000000008ec00000| PB 0x000000008eb00000| Untracked 
| 236|0x000000008ec00000, 0x000000008ed00000, 0x000000008ed00000|100%| O|  |TAMS 0x000000008ed00000| PB 0x000000008ec00000| Untracked 
| 237|0x000000008ed00000, 0x000000008ee00000, 0x000000008ee00000|100%| O|  |TAMS 0x000000008ee00000| PB 0x000000008ed00000| Untracked 
| 238|0x000000008ee00000, 0x000000008ef00000, 0x000000008ef00000|100%| O|  |TAMS 0x000000008ef00000| PB 0x000000008ee00000| Untracked 
| 239|0x000000008ef00000, 0x000000008f000000, 0x000000008f000000|100%| O|  |TAMS 0x000000008f000000| PB 0x000000008ef00000| Untracked 
| 240|0x000000008f000000, 0x000000008f100000, 0x000000008f100000|100%| O|  |TAMS 0x000000008f100000| PB 0x000000008f000000| Untracked 
| 241|0x000000008f100000, 0x000000008f200000, 0x000000008f200000|100%| O|  |TAMS 0x000000008f200000| PB 0x000000008f100000| Untracked 
| 242|0x000000008f200000, 0x000000008f300000, 0x000000008f300000|100%| O|  |TAMS 0x000000008f300000| PB 0x000000008f200000| Untracked 
| 243|0x000000008f300000, 0x000000008f400000, 0x000000008f400000|100%| O|  |TAMS 0x000000008f400000| PB 0x000000008f300000| Untracked 
| 244|0x000000008f400000, 0x000000008f500000, 0x000000008f500000|100%| O|  |TAMS 0x000000008f500000| PB 0x000000008f400000| Untracked 
| 245|0x000000008f500000, 0x000000008f600000, 0x000000008f600000|100%| O|  |TAMS 0x000000008f600000| PB 0x000000008f500000| Untracked 
| 246|0x000000008f600000, 0x000000008f700000, 0x000000008f700000|100%| O|  |TAMS 0x000000008f700000| PB 0x000000008f600000| Untracked 
| 247|0x000000008f700000, 0x000000008f800000, 0x000000008f800000|100%| O|  |TAMS 0x000000008f800000| PB 0x000000008f700000| Untracked 
| 248|0x000000008f800000, 0x000000008f900000, 0x000000008f900000|100%| O|  |TAMS 0x000000008f900000| PB 0x000000008f800000| Untracked 
| 249|0x000000008f900000, 0x000000008fa00000, 0x000000008fa00000|100%| O|  |TAMS 0x000000008fa00000| PB 0x000000008f900000| Untracked 
| 250|0x000000008fa00000, 0x000000008fb00000, 0x000000008fb00000|100%| O|  |TAMS 0x000000008fb00000| PB 0x000000008fa00000| Untracked 
| 251|0x000000008fb00000, 0x000000008fc00000, 0x000000008fc00000|100%| O|  |TAMS 0x000000008fc00000| PB 0x000000008fb00000| Untracked 
| 252|0x000000008fc00000, 0x000000008fd00000, 0x000000008fd00000|100%| O|  |TAMS 0x000000008fd00000| PB 0x000000008fc00000| Untracked 
| 253|0x000000008fd00000, 0x000000008fe00000, 0x000000008fe00000|100%| O|  |TAMS 0x000000008fe00000| PB 0x000000008fd00000| Untracked 
| 254|0x000000008fe00000, 0x000000008ff00000, 0x000000008ff00000|100%| O|  |TAMS 0x000000008ff00000| PB 0x000000008fe00000| Untracked 
| 255|0x000000008ff00000, 0x0000000090000000, 0x0000000090000000|100%| O|  |TAMS 0x0000000090000000| PB 0x000000008ff00000| Untracked 
| 256|0x0000000090000000, 0x0000000090100000, 0x0000000090100000|100%| O|  |TAMS 0x0000000090100000| PB 0x0000000090000000| Untracked 
| 257|0x0000000090100000, 0x0000000090200000, 0x0000000090200000|100%| O|  |TAMS 0x0000000090200000| PB 0x0000000090100000| Untracked 
| 258|0x0000000090200000, 0x0000000090300000, 0x0000000090300000|100%| O|  |TAMS 0x0000000090300000| PB 0x0000000090200000| Untracked 
| 259|0x0000000090300000, 0x0000000090400000, 0x0000000090400000|100%| O|  |TAMS 0x0000000090400000| PB 0x0000000090300000| Untracked 
| 260|0x0000000090400000, 0x0000000090500000, 0x0000000090500000|100%| O|  |TAMS 0x0000000090500000| PB 0x0000000090400000| Untracked 
| 261|0x0000000090500000, 0x0000000090600000, 0x0000000090600000|100%| O|  |TAMS 0x0000000090600000| PB 0x0000000090500000| Untracked 
| 262|0x0000000090600000, 0x0000000090700000, 0x0000000090700000|100%| O|  |TAMS 0x0000000090700000| PB 0x0000000090600000| Untracked 
| 263|0x0000000090700000, 0x0000000090800000, 0x0000000090800000|100%| O|  |TAMS 0x0000000090800000| PB 0x0000000090700000| Untracked 
| 264|0x0000000090800000, 0x0000000090900000, 0x0000000090900000|100%| O|  |TAMS 0x0000000090900000| PB 0x0000000090800000| Untracked 
| 265|0x0000000090900000, 0x0000000090a00000, 0x0000000090a00000|100%| O|  |TAMS 0x0000000090a00000| PB 0x0000000090900000| Untracked 
| 266|0x0000000090a00000, 0x0000000090b00000, 0x0000000090b00000|100%| O|  |TAMS 0x0000000090b00000| PB 0x0000000090a00000| Untracked 
| 267|0x0000000090b00000, 0x0000000090c00000, 0x0000000090c00000|100%| O|  |TAMS 0x0000000090c00000| PB 0x0000000090b00000| Untracked 
| 268|0x0000000090c00000, 0x0000000090d00000, 0x0000000090d00000|100%| O|  |TAMS 0x0000000090d00000| PB 0x0000000090c00000| Untracked 
| 269|0x0000000090d00000, 0x0000000090e00000, 0x0000000090e00000|100%| O|  |TAMS 0x0000000090e00000| PB 0x0000000090d00000| Untracked 
| 270|0x0000000090e00000, 0x0000000090f00000, 0x0000000090f00000|100%| O|  |TAMS 0x0000000090f00000| PB 0x0000000090e00000| Untracked 
| 271|0x0000000090f00000, 0x0000000091000000, 0x0000000091000000|100%| O|  |TAMS 0x0000000091000000| PB 0x0000000090f00000| Untracked 
| 272|0x0000000091000000, 0x0000000091100000, 0x0000000091100000|100%| O|  |TAMS 0x0000000091100000| PB 0x0000000091000000| Untracked 
| 273|0x0000000091100000, 0x0000000091200000, 0x0000000091200000|100%| O|  |TAMS 0x0000000091200000| PB 0x0000000091100000| Untracked 
| 274|0x0000000091200000, 0x0000000091300000, 0x0000000091300000|100%| O|  |TAMS 0x0000000091300000| PB 0x0000000091200000| Untracked 
| 275|0x0000000091300000, 0x0000000091400000, 0x0000000091400000|100%| O|  |TAMS 0x0000000091400000| PB 0x0000000091300000| Untracked 
| 276|0x0000000091400000, 0x0000000091500000, 0x0000000091500000|100%| O|  |TAMS 0x0000000091500000| PB 0x0000000091400000| Untracked 
| 277|0x0000000091500000, 0x0000000091600000, 0x0000000091600000|100%| O|  |TAMS 0x0000000091600000| PB 0x0000000091500000| Untracked 
| 278|0x0000000091600000, 0x0000000091700000, 0x0000000091700000|100%| O|  |TAMS 0x0000000091700000| PB 0x0000000091600000| Untracked 
| 279|0x0000000091700000, 0x0000000091800000, 0x0000000091800000|100%| O|  |TAMS 0x0000000091800000| PB 0x0000000091700000| Untracked 
| 280|0x0000000091800000, 0x0000000091900000, 0x0000000091900000|100%| O|  |TAMS 0x0000000091900000| PB 0x0000000091800000| Untracked 
| 281|0x0000000091900000, 0x0000000091a00000, 0x0000000091a00000|100%| O|  |TAMS 0x0000000091a00000| PB 0x0000000091900000| Untracked 
| 282|0x0000000091a00000, 0x0000000091b00000, 0x0000000091b00000|100%| O|  |TAMS 0x0000000091b00000| PB 0x0000000091a00000| Untracked 
| 283|0x0000000091b00000, 0x0000000091c00000, 0x0000000091c00000|100%| O|  |TAMS 0x0000000091c00000| PB 0x0000000091b00000| Untracked 
| 284|0x0000000091c00000, 0x0000000091d00000, 0x0000000091d00000|100%| O|  |TAMS 0x0000000091c80000| PB 0x0000000091c00000| Untracked 
| 285|0x0000000091d00000, 0x0000000091e00000, 0x0000000091e00000|100%| O|  |TAMS 0x0000000091d00000| PB 0x0000000091d00000| Untracked 
| 286|0x0000000091e00000, 0x0000000091f00000, 0x0000000091f00000|100%| O|  |TAMS 0x0000000091e00000| PB 0x0000000091e00000| Untracked 
| 287|0x0000000091f00000, 0x0000000092000000, 0x0000000092000000|100%| O|  |TAMS 0x0000000091f00000| PB 0x0000000091f00000| Untracked 
| 288|0x0000000092000000, 0x0000000092100000, 0x0000000092100000|100%| O|  |TAMS 0x0000000092000000| PB 0x0000000092000000| Untracked 
| 289|0x0000000092100000, 0x0000000092200000, 0x0000000092200000|100%| O|  |TAMS 0x0000000092100000| PB 0x0000000092100000| Untracked 
| 290|0x0000000092200000, 0x0000000092300000, 0x0000000092300000|100%| O|  |TAMS 0x0000000092200000| PB 0x0000000092200000| Untracked 
| 291|0x0000000092300000, 0x0000000092400000, 0x0000000092400000|100%| O|  |TAMS 0x0000000092300000| PB 0x0000000092300000| Untracked 
| 292|0x0000000092400000, 0x0000000092500000, 0x0000000092500000|100%| O|  |TAMS 0x0000000092400000| PB 0x0000000092400000| Untracked 
| 293|0x0000000092500000, 0x0000000092600000, 0x0000000092600000|100%| O|  |TAMS 0x0000000092500000| PB 0x0000000092500000| Untracked 
| 294|0x0000000092600000, 0x0000000092700000, 0x0000000092700000|100%| O|  |TAMS 0x0000000092600000| PB 0x0000000092600000| Untracked 
| 295|0x0000000092700000, 0x0000000092800000, 0x0000000092800000|100%| O|  |TAMS 0x0000000092700000| PB 0x0000000092700000| Untracked 
| 296|0x0000000092800000, 0x0000000092900000, 0x0000000092900000|100%| O|  |TAMS 0x0000000092800000| PB 0x0000000092800000| Untracked 
| 297|0x0000000092900000, 0x0000000092900000, 0x0000000092a00000|  0%| F|  |TAMS 0x0000000092900000| PB 0x0000000092900000| Untracked 
| 298|0x0000000092a00000, 0x0000000092a00000, 0x0000000092b00000|  0%| F|  |TAMS 0x0000000092a00000| PB 0x0000000092a00000| Untracked 
| 299|0x0000000092b00000, 0x0000000092b00000, 0x0000000092c00000|  0%| F|  |TAMS 0x0000000092b00000| PB 0x0000000092b00000| Untracked 
| 300|0x0000000092c00000, 0x0000000092c00000, 0x0000000092d00000|  0%| F|  |TAMS 0x0000000092c00000| PB 0x0000000092c00000| Untracked 
| 301|0x0000000092d00000, 0x0000000092d00000, 0x0000000092e00000|  0%| F|  |TAMS 0x0000000092d00000| PB 0x0000000092d00000| Untracked 
| 302|0x0000000092e00000, 0x0000000092e00000, 0x0000000092f00000|  0%| F|  |TAMS 0x0000000092e00000| PB 0x0000000092e00000| Untracked 
| 303|0x0000000092f00000, 0x0000000092f00000, 0x0000000093000000|  0%| F|  |TAMS 0x0000000092f00000| PB 0x0000000092f00000| Untracked 
| 304|0x0000000093000000, 0x0000000093000000, 0x0000000093100000|  0%| F|  |TAMS 0x0000000093000000| PB 0x0000000093000000| Untracked 
| 305|0x0000000093100000, 0x0000000093100000, 0x0000000093200000|  0%| F|  |TAMS 0x0000000093100000| PB 0x0000000093100000| Untracked 
| 306|0x0000000093200000, 0x0000000093200000, 0x0000000093300000|  0%| F|  |TAMS 0x0000000093200000| PB 0x0000000093200000| Untracked 
| 307|0x0000000093300000, 0x0000000093300000, 0x0000000093400000|  0%| F|  |TAMS 0x0000000093300000| PB 0x0000000093300000| Untracked 
| 308|0x0000000093400000, 0x0000000093400000, 0x0000000093500000|  0%| F|  |TAMS 0x0000000093400000| PB 0x0000000093400000| Untracked 
| 309|0x0000000093500000, 0x0000000093500000, 0x0000000093600000|  0%| F|  |TAMS 0x0000000093500000| PB 0x0000000093500000| Untracked 
| 310|0x0000000093600000, 0x0000000093600000, 0x0000000093700000|  0%| F|  |TAMS 0x0000000093600000| PB 0x0000000093600000| Untracked 
| 311|0x0000000093700000, 0x0000000093700000, 0x0000000093800000|  0%| F|  |TAMS 0x0000000093700000| PB 0x0000000093700000| Untracked 
| 312|0x0000000093800000, 0x0000000093800000, 0x0000000093900000|  0%| F|  |TAMS 0x0000000093800000| PB 0x0000000093800000| Untracked 
| 313|0x0000000093900000, 0x0000000093900000, 0x0000000093a00000|  0%| F|  |TAMS 0x0000000093900000| PB 0x0000000093900000| Untracked 
| 314|0x0000000093a00000, 0x0000000093a00000, 0x0000000093b00000|  0%| F|  |TAMS 0x0000000093a00000| PB 0x0000000093a00000| Untracked 
| 315|0x0000000093b00000, 0x0000000093b00000, 0x0000000093c00000|  0%| F|  |TAMS 0x0000000093b00000| PB 0x0000000093b00000| Untracked 
| 316|0x0000000093c00000, 0x0000000093c00000, 0x0000000093d00000|  0%| F|  |TAMS 0x0000000093c00000| PB 0x0000000093c00000| Untracked 
| 317|0x0000000093d00000, 0x0000000093d00000, 0x0000000093e00000|  0%| F|  |TAMS 0x0000000093d00000| PB 0x0000000093d00000| Untracked 
| 318|0x0000000093e00000, 0x0000000093e00000, 0x0000000093f00000|  0%| F|  |TAMS 0x0000000093e00000| PB 0x0000000093e00000| Untracked 
| 319|0x0000000093f00000, 0x0000000093f00000, 0x0000000094000000|  0%| F|  |TAMS 0x0000000093f00000| PB 0x0000000093f00000| Untracked 
| 320|0x0000000094000000, 0x0000000094000000, 0x0000000094100000|  0%| F|  |TAMS 0x0000000094000000| PB 0x0000000094000000| Untracked 
| 321|0x0000000094100000, 0x0000000094100000, 0x0000000094200000|  0%| F|  |TAMS 0x0000000094100000| PB 0x0000000094100000| Untracked 
| 322|0x0000000094200000, 0x0000000094200000, 0x0000000094300000|  0%| F|  |TAMS 0x0000000094200000| PB 0x0000000094200000| Untracked 
| 323|0x0000000094300000, 0x0000000094300000, 0x0000000094400000|  0%| F|  |TAMS 0x0000000094300000| PB 0x0000000094300000| Untracked 
| 324|0x0000000094400000, 0x0000000094400000, 0x0000000094500000|  0%| F|  |TAMS 0x0000000094400000| PB 0x0000000094400000| Untracked 
| 325|0x0000000094500000, 0x0000000094500000, 0x0000000094600000|  0%| F|  |TAMS 0x0000000094500000| PB 0x0000000094500000| Untracked 
| 326|0x0000000094600000, 0x0000000094600000, 0x0000000094700000|  0%| F|  |TAMS 0x0000000094600000| PB 0x0000000094600000| Untracked 
| 327|0x0000000094700000, 0x0000000094700000, 0x0000000094800000|  0%| F|  |TAMS 0x0000000094700000| PB 0x0000000094700000| Untracked 
| 328|0x0000000094800000, 0x0000000094800000, 0x0000000094900000|  0%| F|  |TAMS 0x0000000094800000| PB 0x0000000094800000| Untracked 
| 329|0x0000000094900000, 0x0000000094900000, 0x0000000094a00000|  0%| F|  |TAMS 0x0000000094900000| PB 0x0000000094900000| Untracked 
| 330|0x0000000094a00000, 0x0000000094a00000, 0x0000000094b00000|  0%| F|  |TAMS 0x0000000094a00000| PB 0x0000000094a00000| Untracked 
| 331|0x0000000094b00000, 0x0000000094b00000, 0x0000000094c00000|  0%| F|  |TAMS 0x0000000094b00000| PB 0x0000000094b00000| Untracked 
| 332|0x0000000094c00000, 0x0000000094c00000, 0x0000000094d00000|  0%| F|  |TAMS 0x0000000094c00000| PB 0x0000000094c00000| Untracked 
| 333|0x0000000094d00000, 0x0000000094d00000, 0x0000000094e00000|  0%| F|  |TAMS 0x0000000094d00000| PB 0x0000000094d00000| Untracked 
| 334|0x0000000094e00000, 0x0000000094e00000, 0x0000000094f00000|  0%| F|  |TAMS 0x0000000094e00000| PB 0x0000000094e00000| Untracked 
| 335|0x0000000094f00000, 0x0000000094f00000, 0x0000000095000000|  0%| F|  |TAMS 0x0000000094f00000| PB 0x0000000094f00000| Untracked 
| 336|0x0000000095000000, 0x0000000095000000, 0x0000000095100000|  0%| F|  |TAMS 0x0000000095000000| PB 0x0000000095000000| Untracked 
| 337|0x0000000095100000, 0x0000000095100000, 0x0000000095200000|  0%| F|  |TAMS 0x0000000095100000| PB 0x0000000095100000| Untracked 
| 338|0x0000000095200000, 0x0000000095200000, 0x0000000095300000|  0%| F|  |TAMS 0x0000000095200000| PB 0x0000000095200000| Untracked 
| 339|0x0000000095300000, 0x0000000095300000, 0x0000000095400000|  0%| F|  |TAMS 0x0000000095300000| PB 0x0000000095300000| Untracked 
| 340|0x0000000095400000, 0x0000000095400000, 0x0000000095500000|  0%| F|  |TAMS 0x0000000095400000| PB 0x0000000095400000| Untracked 
| 341|0x0000000095500000, 0x0000000095500000, 0x0000000095600000|  0%| F|  |TAMS 0x0000000095500000| PB 0x0000000095500000| Untracked 
| 342|0x0000000095600000, 0x0000000095600000, 0x0000000095700000|  0%| F|  |TAMS 0x0000000095600000| PB 0x0000000095600000| Untracked 
| 343|0x0000000095700000, 0x0000000095700000, 0x0000000095800000|  0%| F|  |TAMS 0x0000000095700000| PB 0x0000000095700000| Untracked 
| 344|0x0000000095800000, 0x0000000095800000, 0x0000000095900000|  0%| F|  |TAMS 0x0000000095800000| PB 0x0000000095800000| Untracked 
| 345|0x0000000095900000, 0x0000000095900000, 0x0000000095a00000|  0%| F|  |TAMS 0x0000000095900000| PB 0x0000000095900000| Untracked 
| 346|0x0000000095a00000, 0x0000000095a00000, 0x0000000095b00000|  0%| F|  |TAMS 0x0000000095a00000| PB 0x0000000095a00000| Untracked 
| 347|0x0000000095b00000, 0x0000000095b00000, 0x0000000095c00000|  0%| F|  |TAMS 0x0000000095b00000| PB 0x0000000095b00000| Untracked 
| 348|0x0000000095c00000, 0x0000000095c00000, 0x0000000095d00000|  0%| F|  |TAMS 0x0000000095c00000| PB 0x0000000095c00000| Untracked 
| 349|0x0000000095d00000, 0x0000000095d00000, 0x0000000095e00000|  0%| F|  |TAMS 0x0000000095d00000| PB 0x0000000095d00000| Untracked 
| 350|0x0000000095e00000, 0x0000000095e00000, 0x0000000095f00000|  0%| F|  |TAMS 0x0000000095e00000| PB 0x0000000095e00000| Untracked 
| 351|0x0000000095f00000, 0x0000000095f00000, 0x0000000096000000|  0%| F|  |TAMS 0x0000000095f00000| PB 0x0000000095f00000| Untracked 
| 352|0x0000000096000000, 0x0000000096000000, 0x0000000096100000|  0%| F|  |TAMS 0x0000000096000000| PB 0x0000000096000000| Untracked 
| 353|0x0000000096100000, 0x0000000096100000, 0x0000000096200000|  0%| F|  |TAMS 0x0000000096100000| PB 0x0000000096100000| Untracked 
| 354|0x0000000096200000, 0x0000000096200000, 0x0000000096300000|  0%| F|  |TAMS 0x0000000096200000| PB 0x0000000096200000| Untracked 
| 355|0x0000000096300000, 0x0000000096300000, 0x0000000096400000|  0%| F|  |TAMS 0x0000000096300000| PB 0x0000000096300000| Untracked 
| 356|0x0000000096400000, 0x0000000096400000, 0x0000000096500000|  0%| F|  |TAMS 0x0000000096400000| PB 0x0000000096400000| Untracked 
| 357|0x0000000096500000, 0x0000000096500000, 0x0000000096600000|  0%| F|  |TAMS 0x0000000096500000| PB 0x0000000096500000| Untracked 
| 358|0x0000000096600000, 0x0000000096600000, 0x0000000096700000|  0%| F|  |TAMS 0x0000000096600000| PB 0x0000000096600000| Untracked 
| 359|0x0000000096700000, 0x0000000096700000, 0x0000000096800000|  0%| F|  |TAMS 0x0000000096700000| PB 0x0000000096700000| Untracked 
| 360|0x0000000096800000, 0x0000000096800000, 0x0000000096900000|  0%| F|  |TAMS 0x0000000096800000| PB 0x0000000096800000| Untracked 
| 361|0x0000000096900000, 0x0000000096900000, 0x0000000096a00000|  0%| F|  |TAMS 0x0000000096900000| PB 0x0000000096900000| Untracked 
| 362|0x0000000096a00000, 0x0000000096a00000, 0x0000000096b00000|  0%| F|  |TAMS 0x0000000096a00000| PB 0x0000000096a00000| Untracked 
| 363|0x0000000096b00000, 0x0000000096b00000, 0x0000000096c00000|  0%| F|  |TAMS 0x0000000096b00000| PB 0x0000000096b00000| Untracked 
| 364|0x0000000096c00000, 0x0000000096c00000, 0x0000000096d00000|  0%| F|  |TAMS 0x0000000096c00000| PB 0x0000000096c00000| Untracked 
| 365|0x0000000096d00000, 0x0000000096d00000, 0x0000000096e00000|  0%| F|  |TAMS 0x0000000096d00000| PB 0x0000000096d00000| Untracked 
| 366|0x0000000096e00000, 0x0000000096e00000, 0x0000000096f00000|  0%| F|  |TAMS 0x0000000096e00000| PB 0x0000000096e00000| Untracked 
| 367|0x0000000096f00000, 0x0000000096f00000, 0x0000000097000000|  0%| F|  |TAMS 0x0000000096f00000| PB 0x0000000096f00000| Untracked 
| 368|0x0000000097000000, 0x0000000097000000, 0x0000000097100000|  0%| F|  |TAMS 0x0000000097000000| PB 0x0000000097000000| Untracked 
| 369|0x0000000097100000, 0x0000000097100000, 0x0000000097200000|  0%| F|  |TAMS 0x0000000097100000| PB 0x0000000097100000| Untracked 
| 370|0x0000000097200000, 0x0000000097200000, 0x0000000097300000|  0%| F|  |TAMS 0x0000000097200000| PB 0x0000000097200000| Untracked 
| 371|0x0000000097300000, 0x0000000097300000, 0x0000000097400000|  0%| F|  |TAMS 0x0000000097300000| PB 0x0000000097300000| Untracked 
| 372|0x0000000097400000, 0x0000000097400000, 0x0000000097500000|  0%| F|  |TAMS 0x0000000097400000| PB 0x0000000097400000| Untracked 
| 373|0x0000000097500000, 0x0000000097500000, 0x0000000097600000|  0%| F|  |TAMS 0x0000000097500000| PB 0x0000000097500000| Untracked 
| 374|0x0000000097600000, 0x0000000097600000, 0x0000000097700000|  0%| F|  |TAMS 0x0000000097600000| PB 0x0000000097600000| Untracked 
| 375|0x0000000097700000, 0x0000000097700000, 0x0000000097800000|  0%| F|  |TAMS 0x0000000097700000| PB 0x0000000097700000| Untracked 
| 376|0x0000000097800000, 0x0000000097800000, 0x0000000097900000|  0%| F|  |TAMS 0x0000000097800000| PB 0x0000000097800000| Untracked 
| 377|0x0000000097900000, 0x0000000097900000, 0x0000000097a00000|  0%| F|  |TAMS 0x0000000097900000| PB 0x0000000097900000| Untracked 
| 378|0x0000000097a00000, 0x0000000097a00000, 0x0000000097b00000|  0%| F|  |TAMS 0x0000000097a00000| PB 0x0000000097a00000| Untracked 
| 379|0x0000000097b00000, 0x0000000097b00000, 0x0000000097c00000|  0%| F|  |TAMS 0x0000000097b00000| PB 0x0000000097b00000| Untracked 
| 380|0x0000000097c00000, 0x0000000097c00000, 0x0000000097d00000|  0%| F|  |TAMS 0x0000000097c00000| PB 0x0000000097c00000| Untracked 
| 381|0x0000000097d00000, 0x0000000097d00000, 0x0000000097e00000|  0%| F|  |TAMS 0x0000000097d00000| PB 0x0000000097d00000| Untracked 
| 382|0x0000000097e00000, 0x0000000097e00000, 0x0000000097f00000|  0%| F|  |TAMS 0x0000000097e00000| PB 0x0000000097e00000| Untracked 
| 383|0x0000000097f00000, 0x0000000097f00000, 0x0000000098000000|  0%| F|  |TAMS 0x0000000097f00000| PB 0x0000000097f00000| Untracked 
| 384|0x0000000098000000, 0x0000000098000000, 0x0000000098100000|  0%| F|  |TAMS 0x0000000098000000| PB 0x0000000098000000| Untracked 
| 385|0x0000000098100000, 0x0000000098100000, 0x0000000098200000|  0%| F|  |TAMS 0x0000000098100000| PB 0x0000000098100000| Untracked 
| 386|0x0000000098200000, 0x0000000098200000, 0x0000000098300000|  0%| F|  |TAMS 0x0000000098200000| PB 0x0000000098200000| Untracked 
| 387|0x0000000098300000, 0x0000000098300000, 0x0000000098400000|  0%| F|  |TAMS 0x0000000098300000| PB 0x0000000098300000| Untracked 
| 388|0x0000000098400000, 0x0000000098400000, 0x0000000098500000|  0%| F|  |TAMS 0x0000000098400000| PB 0x0000000098400000| Untracked 
| 389|0x0000000098500000, 0x0000000098500000, 0x0000000098600000|  0%| F|  |TAMS 0x0000000098500000| PB 0x0000000098500000| Untracked 
| 390|0x0000000098600000, 0x0000000098600000, 0x0000000098700000|  0%| F|  |TAMS 0x0000000098600000| PB 0x0000000098600000| Untracked 
| 391|0x0000000098700000, 0x0000000098700000, 0x0000000098800000|  0%| F|  |TAMS 0x0000000098700000| PB 0x0000000098700000| Untracked 
| 392|0x0000000098800000, 0x0000000098800000, 0x0000000098900000|  0%| F|  |TAMS 0x0000000098800000| PB 0x0000000098800000| Untracked 
| 393|0x0000000098900000, 0x0000000098900000, 0x0000000098a00000|  0%| F|  |TAMS 0x0000000098900000| PB 0x0000000098900000| Untracked 
| 394|0x0000000098a00000, 0x0000000098a00000, 0x0000000098b00000|  0%| F|  |TAMS 0x0000000098a00000| PB 0x0000000098a00000| Untracked 
| 395|0x0000000098b00000, 0x0000000098b00000, 0x0000000098c00000|  0%| F|  |TAMS 0x0000000098b00000| PB 0x0000000098b00000| Untracked 
| 396|0x0000000098c00000, 0x0000000098c00000, 0x0000000098d00000|  0%| F|  |TAMS 0x0000000098c00000| PB 0x0000000098c00000| Untracked 
| 397|0x0000000098d00000, 0x0000000098d00000, 0x0000000098e00000|  0%| F|  |TAMS 0x0000000098d00000| PB 0x0000000098d00000| Untracked 
| 398|0x0000000098e00000, 0x0000000098e00000, 0x0000000098f00000|  0%| F|  |TAMS 0x0000000098e00000| PB 0x0000000098e00000| Untracked 
| 399|0x0000000098f00000, 0x0000000098f00000, 0x0000000099000000|  0%| F|  |TAMS 0x0000000098f00000| PB 0x0000000098f00000| Untracked 
| 400|0x0000000099000000, 0x0000000099000000, 0x0000000099100000|  0%| F|  |TAMS 0x0000000099000000| PB 0x0000000099000000| Untracked 
| 401|0x0000000099100000, 0x0000000099100000, 0x0000000099200000|  0%| F|  |TAMS 0x0000000099100000| PB 0x0000000099100000| Untracked 
| 402|0x0000000099200000, 0x0000000099200000, 0x0000000099300000|  0%| F|  |TAMS 0x0000000099200000| PB 0x0000000099200000| Untracked 
| 403|0x0000000099300000, 0x0000000099300000, 0x0000000099400000|  0%| F|  |TAMS 0x0000000099300000| PB 0x0000000099300000| Untracked 
| 404|0x0000000099400000, 0x0000000099400000, 0x0000000099500000|  0%| F|  |TAMS 0x0000000099400000| PB 0x0000000099400000| Untracked 
| 405|0x0000000099500000, 0x0000000099500000, 0x0000000099600000|  0%| F|  |TAMS 0x0000000099500000| PB 0x0000000099500000| Untracked 
| 406|0x0000000099600000, 0x0000000099600000, 0x0000000099700000|  0%| F|  |TAMS 0x0000000099600000| PB 0x0000000099600000| Untracked 
| 407|0x0000000099700000, 0x0000000099700000, 0x0000000099800000|  0%| F|  |TAMS 0x0000000099700000| PB 0x0000000099700000| Untracked 
| 408|0x0000000099800000, 0x0000000099800000, 0x0000000099900000|  0%| F|  |TAMS 0x0000000099800000| PB 0x0000000099800000| Untracked 
| 409|0x0000000099900000, 0x0000000099900000, 0x0000000099a00000|  0%| F|  |TAMS 0x0000000099900000| PB 0x0000000099900000| Untracked 
| 410|0x0000000099a00000, 0x0000000099a00000, 0x0000000099b00000|  0%| F|  |TAMS 0x0000000099a00000| PB 0x0000000099a00000| Untracked 
| 411|0x0000000099b00000, 0x0000000099b00000, 0x0000000099c00000|  0%| F|  |TAMS 0x0000000099b00000| PB 0x0000000099b00000| Untracked 
| 412|0x0000000099c00000, 0x0000000099c00000, 0x0000000099d00000|  0%| F|  |TAMS 0x0000000099c00000| PB 0x0000000099c00000| Untracked 
| 413|0x0000000099d00000, 0x0000000099d00000, 0x0000000099e00000|  0%| F|  |TAMS 0x0000000099d00000| PB 0x0000000099d00000| Untracked 
| 414|0x0000000099e00000, 0x0000000099e00000, 0x0000000099f00000|  0%| F|  |TAMS 0x0000000099e00000| PB 0x0000000099e00000| Untracked 
| 415|0x0000000099f00000, 0x0000000099f00000, 0x000000009a000000|  0%| F|  |TAMS 0x0000000099f00000| PB 0x0000000099f00000| Untracked 
| 416|0x000000009a000000, 0x000000009a000000, 0x000000009a100000|  0%| F|  |TAMS 0x000000009a000000| PB 0x000000009a000000| Untracked 
| 417|0x000000009a100000, 0x000000009a100000, 0x000000009a200000|  0%| F|  |TAMS 0x000000009a100000| PB 0x000000009a100000| Untracked 
| 418|0x000000009a200000, 0x000000009a200000, 0x000000009a300000|  0%| F|  |TAMS 0x000000009a200000| PB 0x000000009a200000| Untracked 
| 419|0x000000009a300000, 0x000000009a300000, 0x000000009a400000|  0%| F|  |TAMS 0x000000009a300000| PB 0x000000009a300000| Untracked 
| 420|0x000000009a400000, 0x000000009a400000, 0x000000009a500000|  0%| F|  |TAMS 0x000000009a400000| PB 0x000000009a400000| Untracked 
| 421|0x000000009a500000, 0x000000009a500000, 0x000000009a600000|  0%| F|  |TAMS 0x000000009a500000| PB 0x000000009a500000| Untracked 
| 422|0x000000009a600000, 0x000000009a600000, 0x000000009a700000|  0%| F|  |TAMS 0x000000009a600000| PB 0x000000009a600000| Untracked 
| 423|0x000000009a700000, 0x000000009a700000, 0x000000009a800000|  0%| F|  |TAMS 0x000000009a700000| PB 0x000000009a700000| Untracked 
| 424|0x000000009a800000, 0x000000009a800000, 0x000000009a900000|  0%| F|  |TAMS 0x000000009a800000| PB 0x000000009a800000| Untracked 
| 425|0x000000009a900000, 0x000000009a900000, 0x000000009aa00000|  0%| F|  |TAMS 0x000000009a900000| PB 0x000000009a900000| Untracked 
| 426|0x000000009aa00000, 0x000000009aa00000, 0x000000009ab00000|  0%| F|  |TAMS 0x000000009aa00000| PB 0x000000009aa00000| Untracked 
| 427|0x000000009ab00000, 0x000000009ab00000, 0x000000009ac00000|  0%| F|  |TAMS 0x000000009ab00000| PB 0x000000009ab00000| Untracked 
| 428|0x000000009ac00000, 0x000000009ac00000, 0x000000009ad00000|  0%| F|  |TAMS 0x000000009ac00000| PB 0x000000009ac00000| Untracked 
| 429|0x000000009ad00000, 0x000000009ad00000, 0x000000009ae00000|  0%| F|  |TAMS 0x000000009ad00000| PB 0x000000009ad00000| Untracked 
| 430|0x000000009ae00000, 0x000000009ae00000, 0x000000009af00000|  0%| F|  |TAMS 0x000000009ae00000| PB 0x000000009ae00000| Untracked 
| 431|0x000000009af00000, 0x000000009af00000, 0x000000009b000000|  0%| F|  |TAMS 0x000000009af00000| PB 0x000000009af00000| Untracked 
| 432|0x000000009b000000, 0x000000009b000000, 0x000000009b100000|  0%| F|  |TAMS 0x000000009b000000| PB 0x000000009b000000| Untracked 
| 433|0x000000009b100000, 0x000000009b100000, 0x000000009b200000|  0%| F|  |TAMS 0x000000009b100000| PB 0x000000009b100000| Untracked 
| 434|0x000000009b200000, 0x000000009b200000, 0x000000009b300000|  0%| F|  |TAMS 0x000000009b200000| PB 0x000000009b200000| Untracked 
| 435|0x000000009b300000, 0x000000009b300000, 0x000000009b400000|  0%| F|  |TAMS 0x000000009b300000| PB 0x000000009b300000| Untracked 
| 436|0x000000009b400000, 0x000000009b400000, 0x000000009b500000|  0%| F|  |TAMS 0x000000009b400000| PB 0x000000009b400000| Untracked 
| 437|0x000000009b500000, 0x000000009b500000, 0x000000009b600000|  0%| F|  |TAMS 0x000000009b500000| PB 0x000000009b500000| Untracked 
| 438|0x000000009b600000, 0x000000009b600000, 0x000000009b700000|  0%| F|  |TAMS 0x000000009b600000| PB 0x000000009b600000| Untracked 
| 439|0x000000009b700000, 0x000000009b700000, 0x000000009b800000|  0%| F|  |TAMS 0x000000009b700000| PB 0x000000009b700000| Untracked 
| 440|0x000000009b800000, 0x000000009b800000, 0x000000009b900000|  0%| F|  |TAMS 0x000000009b800000| PB 0x000000009b800000| Untracked 
| 441|0x000000009b900000, 0x000000009b900000, 0x000000009ba00000|  0%| F|  |TAMS 0x000000009b900000| PB 0x000000009b900000| Untracked 
| 442|0x000000009ba00000, 0x000000009ba00000, 0x000000009bb00000|  0%| F|  |TAMS 0x000000009ba00000| PB 0x000000009ba00000| Untracked 
| 443|0x000000009bb00000, 0x000000009bb00000, 0x000000009bc00000|  0%| F|  |TAMS 0x000000009bb00000| PB 0x000000009bb00000| Untracked 
| 444|0x000000009bc00000, 0x000000009bc00000, 0x000000009bd00000|  0%| F|  |TAMS 0x000000009bc00000| PB 0x000000009bc00000| Untracked 
| 445|0x000000009bd00000, 0x000000009bd00000, 0x000000009be00000|  0%| F|  |TAMS 0x000000009bd00000| PB 0x000000009bd00000| Untracked 
| 446|0x000000009be00000, 0x000000009be00000, 0x000000009bf00000|  0%| F|  |TAMS 0x000000009be00000| PB 0x000000009be00000| Untracked 
| 447|0x000000009bf00000, 0x000000009bf00000, 0x000000009c000000|  0%| F|  |TAMS 0x000000009bf00000| PB 0x000000009bf00000| Untracked 
| 448|0x000000009c000000, 0x000000009c000000, 0x000000009c100000|  0%| F|  |TAMS 0x000000009c000000| PB 0x000000009c000000| Untracked 
| 449|0x000000009c100000, 0x000000009c100000, 0x000000009c200000|  0%| F|  |TAMS 0x000000009c100000| PB 0x000000009c100000| Untracked 
| 450|0x000000009c200000, 0x000000009c200000, 0x000000009c300000|  0%| F|  |TAMS 0x000000009c200000| PB 0x000000009c200000| Untracked 
| 451|0x000000009c300000, 0x000000009c300000, 0x000000009c400000|  0%| F|  |TAMS 0x000000009c300000| PB 0x000000009c300000| Untracked 
| 452|0x000000009c400000, 0x000000009c400000, 0x000000009c500000|  0%| F|  |TAMS 0x000000009c400000| PB 0x000000009c400000| Untracked 
| 453|0x000000009c500000, 0x000000009c500000, 0x000000009c600000|  0%| F|  |TAMS 0x000000009c500000| PB 0x000000009c500000| Untracked 
| 454|0x000000009c600000, 0x000000009c600000, 0x000000009c700000|  0%| F|  |TAMS 0x000000009c600000| PB 0x000000009c600000| Untracked 
| 455|0x000000009c700000, 0x000000009c700000, 0x000000009c800000|  0%| F|  |TAMS 0x000000009c700000| PB 0x000000009c700000| Untracked 
| 456|0x000000009c800000, 0x000000009c800000, 0x000000009c900000|  0%| F|  |TAMS 0x000000009c800000| PB 0x000000009c800000| Untracked 
| 457|0x000000009c900000, 0x000000009c900000, 0x000000009ca00000|  0%| F|  |TAMS 0x000000009c900000| PB 0x000000009c900000| Untracked 
| 458|0x000000009ca00000, 0x000000009ca00000, 0x000000009cb00000|  0%| F|  |TAMS 0x000000009ca00000| PB 0x000000009ca00000| Untracked 
| 459|0x000000009cb00000, 0x000000009cb00000, 0x000000009cc00000|  0%| F|  |TAMS 0x000000009cb00000| PB 0x000000009cb00000| Untracked 
| 460|0x000000009cc00000, 0x000000009cc00000, 0x000000009cd00000|  0%| F|  |TAMS 0x000000009cc00000| PB 0x000000009cc00000| Untracked 
| 461|0x000000009cd00000, 0x000000009cd00000, 0x000000009ce00000|  0%| F|  |TAMS 0x000000009cd00000| PB 0x000000009cd00000| Untracked 
| 462|0x000000009ce00000, 0x000000009ce00000, 0x000000009cf00000|  0%| F|  |TAMS 0x000000009ce00000| PB 0x000000009ce00000| Untracked 
| 463|0x000000009cf00000, 0x000000009cf00000, 0x000000009d000000|  0%| F|  |TAMS 0x000000009cf00000| PB 0x000000009cf00000| Untracked 
| 464|0x000000009d000000, 0x000000009d000000, 0x000000009d100000|  0%| F|  |TAMS 0x000000009d000000| PB 0x000000009d000000| Untracked 
| 465|0x000000009d100000, 0x000000009d100000, 0x000000009d200000|  0%| F|  |TAMS 0x000000009d100000| PB 0x000000009d100000| Untracked 
| 466|0x000000009d200000, 0x000000009d200000, 0x000000009d300000|  0%| F|  |TAMS 0x000000009d200000| PB 0x000000009d200000| Untracked 
| 467|0x000000009d300000, 0x000000009d300000, 0x000000009d400000|  0%| F|  |TAMS 0x000000009d300000| PB 0x000000009d300000| Untracked 
| 468|0x000000009d400000, 0x000000009d400000, 0x000000009d500000|  0%| F|  |TAMS 0x000000009d400000| PB 0x000000009d400000| Untracked 
| 469|0x000000009d500000, 0x000000009d500000, 0x000000009d600000|  0%| F|  |TAMS 0x000000009d500000| PB 0x000000009d500000| Untracked 
| 470|0x000000009d600000, 0x000000009d600000, 0x000000009d700000|  0%| F|  |TAMS 0x000000009d600000| PB 0x000000009d600000| Untracked 
| 471|0x000000009d700000, 0x000000009d700000, 0x000000009d800000|  0%| F|  |TAMS 0x000000009d700000| PB 0x000000009d700000| Untracked 
| 472|0x000000009d800000, 0x000000009d800000, 0x000000009d900000|  0%| F|  |TAMS 0x000000009d800000| PB 0x000000009d800000| Untracked 
| 473|0x000000009d900000, 0x000000009d900000, 0x000000009da00000|  0%| F|  |TAMS 0x000000009d900000| PB 0x000000009d900000| Untracked 
| 474|0x000000009da00000, 0x000000009da00000, 0x000000009db00000|  0%| F|  |TAMS 0x000000009da00000| PB 0x000000009da00000| Untracked 
| 475|0x000000009db00000, 0x000000009db00000, 0x000000009dc00000|  0%| F|  |TAMS 0x000000009db00000| PB 0x000000009db00000| Untracked 
| 476|0x000000009dc00000, 0x000000009dc00000, 0x000000009dd00000|  0%| F|  |TAMS 0x000000009dc00000| PB 0x000000009dc00000| Untracked 
| 477|0x000000009dd00000, 0x000000009dd00000, 0x000000009de00000|  0%| F|  |TAMS 0x000000009dd00000| PB 0x000000009dd00000| Untracked 
| 478|0x000000009de00000, 0x000000009de00000, 0x000000009df00000|  0%| F|  |TAMS 0x000000009de00000| PB 0x000000009de00000| Untracked 
| 479|0x000000009df00000, 0x000000009df00000, 0x000000009e000000|  0%| F|  |TAMS 0x000000009df00000| PB 0x000000009df00000| Untracked 
| 480|0x000000009e000000, 0x000000009e000000, 0x000000009e100000|  0%| F|  |TAMS 0x000000009e000000| PB 0x000000009e000000| Untracked 
| 481|0x000000009e100000, 0x000000009e100000, 0x000000009e200000|  0%| F|  |TAMS 0x000000009e100000| PB 0x000000009e100000| Untracked 
| 482|0x000000009e200000, 0x000000009e200000, 0x000000009e300000|  0%| F|  |TAMS 0x000000009e200000| PB 0x000000009e200000| Untracked 
| 483|0x000000009e300000, 0x000000009e300000, 0x000000009e400000|  0%| F|  |TAMS 0x000000009e300000| PB 0x000000009e300000| Untracked 
| 484|0x000000009e400000, 0x000000009e400000, 0x000000009e500000|  0%| F|  |TAMS 0x000000009e400000| PB 0x000000009e400000| Untracked 
| 485|0x000000009e500000, 0x000000009e500000, 0x000000009e600000|  0%| F|  |TAMS 0x000000009e500000| PB 0x000000009e500000| Untracked 
| 486|0x000000009e600000, 0x000000009e600000, 0x000000009e700000|  0%| F|  |TAMS 0x000000009e600000| PB 0x000000009e600000| Untracked 
| 487|0x000000009e700000, 0x000000009e700000, 0x000000009e800000|  0%| F|  |TAMS 0x000000009e700000| PB 0x000000009e700000| Untracked 
| 488|0x000000009e800000, 0x000000009e800000, 0x000000009e900000|  0%| F|  |TAMS 0x000000009e800000| PB 0x000000009e800000| Untracked 
| 489|0x000000009e900000, 0x000000009ea00000, 0x000000009ea00000|100%| S|CS|TAMS 0x000000009e900000| PB 0x000000009e900000| Complete 
| 490|0x000000009ea00000, 0x000000009eb00000, 0x000000009eb00000|100%| S|CS|TAMS 0x000000009ea00000| PB 0x000000009ea00000| Complete 
| 491|0x000000009eb00000, 0x000000009ec00000, 0x000000009ec00000|100%| S|CS|TAMS 0x000000009eb00000| PB 0x000000009eb00000| Complete 
| 492|0x000000009ec00000, 0x000000009ed00000, 0x000000009ed00000|100%| S|CS|TAMS 0x000000009ec00000| PB 0x000000009ec00000| Complete 
| 493|0x000000009ed00000, 0x000000009ed00000, 0x000000009ee00000|  0%| F|  |TAMS 0x000000009ed00000| PB 0x000000009ed00000| Untracked 
| 494|0x000000009ee00000, 0x000000009ee00000, 0x000000009ef00000|  0%| F|  |TAMS 0x000000009ee00000| PB 0x000000009ee00000| Untracked 
| 495|0x000000009ef00000, 0x000000009ef00000, 0x000000009f000000|  0%| F|  |TAMS 0x000000009ef00000| PB 0x000000009ef00000| Untracked 
|1997|0x00000000fcd00000, 0x00000000fce00000, 0x00000000fce00000|100%| O|  |TAMS 0x00000000fce00000| PB 0x00000000fcd00000| Untracked 
|1998|0x00000000fce00000, 0x00000000fcf00000, 0x00000000fcf00000|100%| O|  |TAMS 0x00000000fcf00000| PB 0x00000000fce00000| Untracked 
|1999|0x00000000fcf00000, 0x00000000fd000000, 0x00000000fd000000|100%| O|  |TAMS 0x00000000fd000000| PB 0x00000000fcf00000| Untracked 
|2000|0x00000000fd000000, 0x00000000fd100000, 0x00000000fd100000|100%| O|  |TAMS 0x00000000fd100000| PB 0x00000000fd000000| Untracked 
|2001|0x00000000fd100000, 0x00000000fd200000, 0x00000000fd200000|100%| O|  |TAMS 0x00000000fd200000| PB 0x00000000fd100000| Untracked 
|2002|0x00000000fd200000, 0x00000000fd300000, 0x00000000fd300000|100%| O|  |TAMS 0x00000000fd300000| PB 0x00000000fd200000| Untracked 
|2003|0x00000000fd300000, 0x00000000fd400000, 0x00000000fd400000|100%| O|  |TAMS 0x00000000fd400000| PB 0x00000000fd300000| Untracked 
|2004|0x00000000fd400000, 0x00000000fd500000, 0x00000000fd500000|100%| O|  |TAMS 0x00000000fd500000| PB 0x00000000fd400000| Untracked 
|2005|0x00000000fd500000, 0x00000000fd600000, 0x00000000fd600000|100%| O|  |TAMS 0x00000000fd600000| PB 0x00000000fd500000| Untracked 
|2006|0x00000000fd600000, 0x00000000fd700000, 0x00000000fd700000|100%| O|  |TAMS 0x00000000fd700000| PB 0x00000000fd600000| Untracked 
|2007|0x00000000fd700000, 0x00000000fd800000, 0x00000000fd800000|100%| O|  |TAMS 0x00000000fd800000| PB 0x00000000fd700000| Untracked 
|2008|0x00000000fd800000, 0x00000000fd900000, 0x00000000fd900000|100%| O|  |TAMS 0x00000000fd900000| PB 0x00000000fd800000| Untracked 
|2009|0x00000000fd900000, 0x00000000fda00000, 0x00000000fda00000|100%| O|  |TAMS 0x00000000fda00000| PB 0x00000000fd900000| Untracked 
|2010|0x00000000fda00000, 0x00000000fdb00000, 0x00000000fdb00000|100%| O|  |TAMS 0x00000000fdb00000| PB 0x00000000fda00000| Untracked 
|2011|0x00000000fdb00000, 0x00000000fdc00000, 0x00000000fdc00000|100%| O|  |TAMS 0x00000000fdc00000| PB 0x00000000fdb00000| Untracked 
|2012|0x00000000fdc00000, 0x00000000fdd00000, 0x00000000fdd00000|100%| O|  |TAMS 0x00000000fdd00000| PB 0x00000000fdc00000| Untracked 
|2013|0x00000000fdd00000, 0x00000000fde00000, 0x00000000fde00000|100%| O|  |TAMS 0x00000000fde00000| PB 0x00000000fdd00000| Untracked 
|2014|0x00000000fde00000, 0x00000000fdf00000, 0x00000000fdf00000|100%| O|  |TAMS 0x00000000fdf00000| PB 0x00000000fde00000| Untracked 
|2015|0x00000000fdf00000, 0x00000000fe000000, 0x00000000fe000000|100%| O|  |TAMS 0x00000000fe000000| PB 0x00000000fdf00000| Untracked 
|2016|0x00000000fe000000, 0x00000000fe100000, 0x00000000fe100000|100%| O|  |TAMS 0x00000000fe100000| PB 0x00000000fe000000| Untracked 
|2017|0x00000000fe100000, 0x00000000fe200000, 0x00000000fe200000|100%| O|  |TAMS 0x00000000fe200000| PB 0x00000000fe100000| Untracked 
|2018|0x00000000fe200000, 0x00000000fe300000, 0x00000000fe300000|100%| O|  |TAMS 0x00000000fe300000| PB 0x00000000fe200000| Untracked 
|2019|0x00000000fe300000, 0x00000000fe400000, 0x00000000fe400000|100%| O|  |TAMS 0x00000000fe400000| PB 0x00000000fe300000| Untracked 
|2020|0x00000000fe400000, 0x00000000fe500000, 0x00000000fe500000|100%| O|  |TAMS 0x00000000fe500000| PB 0x00000000fe400000| Untracked 
|2021|0x00000000fe500000, 0x00000000fe600000, 0x00000000fe600000|100%| O|  |TAMS 0x00000000fe600000| PB 0x00000000fe500000| Untracked 
|2022|0x00000000fe600000, 0x00000000fe700000, 0x00000000fe700000|100%| O|  |TAMS 0x00000000fe700000| PB 0x00000000fe600000| Untracked 
|2023|0x00000000fe700000, 0x00000000fe800000, 0x00000000fe800000|100%| O|  |TAMS 0x00000000fe800000| PB 0x00000000fe700000| Untracked 
|2024|0x00000000fe800000, 0x00000000fe900000, 0x00000000fe900000|100%| O|  |TAMS 0x00000000fe900000| PB 0x00000000fe800000| Untracked 
|2025|0x00000000fe900000, 0x00000000fea00000, 0x00000000fea00000|100%| O|  |TAMS 0x00000000fea00000| PB 0x00000000fe900000| Untracked 
|2026|0x00000000fea00000, 0x00000000feb00000, 0x00000000feb00000|100%| O|  |TAMS 0x00000000feb00000| PB 0x00000000fea00000| Untracked 
|2027|0x00000000feb00000, 0x00000000fec00000, 0x00000000fec00000|100%| O|  |TAMS 0x00000000fec00000| PB 0x00000000feb00000| Untracked 
|2028|0x00000000fec00000, 0x00000000fec00000, 0x00000000fed00000|  0%| F|  |TAMS 0x00000000fec00000| PB 0x00000000fec00000| Untracked 
|2029|0x00000000fed00000, 0x00000000fed00000, 0x00000000fee00000|  0%| F|  |TAMS 0x00000000fed00000| PB 0x00000000fed00000| Untracked 
|2030|0x00000000fee00000, 0x00000000fee00000, 0x00000000fef00000|  0%| F|  |TAMS 0x00000000fee00000| PB 0x00000000fee00000| Untracked 
|2031|0x00000000fef00000, 0x00000000fef00000, 0x00000000ff000000|  0%| F|  |TAMS 0x00000000fef00000| PB 0x00000000fef00000| Untracked 
|2032|0x00000000ff000000, 0x00000000ff000000, 0x00000000ff100000|  0%| F|  |TAMS 0x00000000ff000000| PB 0x00000000ff000000| Untracked 
|2033|0x00000000ff100000, 0x00000000ff100000, 0x00000000ff200000|  0%| F|  |TAMS 0x00000000ff100000| PB 0x00000000ff100000| Untracked 
|2034|0x00000000ff200000, 0x00000000ff200000, 0x00000000ff300000|  0%| F|  |TAMS 0x00000000ff200000| PB 0x00000000ff200000| Untracked 
|2035|0x00000000ff300000, 0x00000000ff300000, 0x00000000ff400000|  0%| F|  |TAMS 0x00000000ff300000| PB 0x00000000ff300000| Untracked 
|2036|0x00000000ff400000, 0x00000000ff400000, 0x00000000ff500000|  0%| F|  |TAMS 0x00000000ff400000| PB 0x00000000ff400000| Untracked 
|2037|0x00000000ff500000, 0x00000000ff500000, 0x00000000ff600000|  0%| F|  |TAMS 0x00000000ff500000| PB 0x00000000ff500000| Untracked 
|2038|0x00000000ff600000, 0x00000000ff600000, 0x00000000ff700000|  0%| F|  |TAMS 0x00000000ff600000| PB 0x00000000ff600000| Untracked 
|2039|0x00000000ff700000, 0x00000000ff700000, 0x00000000ff800000|  0%| F|  |TAMS 0x00000000ff700000| PB 0x00000000ff700000| Untracked 
|2040|0x00000000ff800000, 0x00000000ff800000, 0x00000000ff900000|  0%| F|  |TAMS 0x00000000ff800000| PB 0x00000000ff800000| Untracked 
|2041|0x00000000ff900000, 0x00000000ff900000, 0x00000000ffa00000|  0%| F|  |TAMS 0x00000000ff900000| PB 0x00000000ff900000| Untracked 
|2042|0x00000000ffa00000, 0x00000000ffa00000, 0x00000000ffb00000|  0%| F|  |TAMS 0x00000000ffa00000| PB 0x00000000ffa00000| Untracked 
|2043|0x00000000ffb00000, 0x00000000ffb00000, 0x00000000ffc00000|  0%| F|  |TAMS 0x00000000ffb00000| PB 0x00000000ffb00000| Untracked 
|2044|0x00000000ffc00000, 0x00000000ffc00000, 0x00000000ffd00000|  0%| F|  |TAMS 0x00000000ffc00000| PB 0x00000000ffc00000| Untracked 
|2045|0x00000000ffd00000, 0x00000000ffd00000, 0x00000000ffe00000|  0%| F|  |TAMS 0x00000000ffd00000| PB 0x00000000ffd00000| Untracked 
|2046|0x00000000ffe00000, 0x00000000ffe00000, 0x00000000fff00000|  0%| F|  |TAMS 0x00000000ffe00000| PB 0x00000000ffe00000| Untracked 
|2047|0x00000000fff00000, 0x0000000100000000, 0x0000000100000000|100%| O|  |TAMS 0x0000000100000000| PB 0x00000000fff00000| Untracked 

Card table byte_map: [0x0000021c70730000,0x0000021c70b30000] _byte_map_base: 0x0000021c70330000

Marking Bits: (CMBitMap*) 0x0000021c58c70780
 Bits: [0x0000021c70b30000, 0x0000021c72b30000)

Polling page: 0x0000021c583e0000

Metaspace:

Usage:
  Non-class:     91.19 MB used.
      Class:     14.07 MB used.
       Both:    105.26 MB used.

Virtual space:
  Non-class space:      128.00 MB reserved,      92.44 MB ( 72%) committed,  2 nodes.
      Class space:        1.00 GB reserved,      15.31 MB (  1%) committed,  1 nodes.
             Both:        1.12 GB reserved,     107.75 MB (  9%) committed. 

Chunk freelists:
   Non-Class:  3.06 MB
       Class:  671.00 KB
        Both:  3.72 MB

MaxMetaspaceSize: unlimited
CompressedClassSpaceSize: 1.00 GB
Initial GC threshold: 21.00 MB
Current GC threshold: 178.44 MB
CDS: on
 - commit_granule_bytes: 65536.
 - commit_granule_words: 8192.
 - virtual_space_node_default_size: 8388608.
 - enlarge_chunks_in_place: 1.
 - use_allocation_guard: 0.


Internal statistics:

num_allocs_failed_limit: 6.
num_arena_births: 4684.
num_arena_deaths: 2.
num_vsnodes_births: 3.
num_vsnodes_deaths: 0.
num_space_committed: 1724.
num_space_uncommitted: 0.
num_chunks_returned_to_freelist: 8.
num_chunks_taken_from_freelist: 9680.
num_chunk_merges: 3.
num_chunk_splits: 6216.
num_chunks_enlarged: 3804.
num_inconsistent_stats: 0.

CodeHeap 'non-profiled nmethods': size=120000Kb used=8549Kb max_used=9135Kb free=111450Kb
 bounds [0x0000021c68e00000, 0x0000021c696f0000, 0x0000021c70330000]
CodeHeap 'profiled nmethods': size=120000Kb used=25136Kb max_used=28701Kb free=94863Kb
 bounds [0x0000021c61330000, 0x0000021c62f40000, 0x0000021c68860000]
CodeHeap 'non-nmethods': size=5760Kb used=2098Kb max_used=2185Kb free=3661Kb
 bounds [0x0000021c68860000, 0x0000021c68ad0000, 0x0000021c68e00000]
CodeCache: size=245760Kb, used=35783Kb, max_used=40021Kb, free=209974Kb
 total_blobs=13434, nmethods=12486, adapters=851, full_count=0
Compilation: enabled, stopped_count=0, restarted_count=0

Compilation events (20 events):
Event: 1803.644 Thread 0x0000021c75015660 18141   !   3       java.io.BufferedReader::read (78 bytes)
Event: 1803.645 Thread 0x0000021c75015660 nmethod 18141 0x0000021c613f9410 code [0x0000021c613f96a0, 0x0000021c613fa4f8]
Event: 1803.645 Thread 0x0000021c75015660 18143       3       java.io.BufferedReader::read1 (171 bytes)
Event: 1803.646 Thread 0x0000021c75015660 nmethod 18143 0x0000021c61c5cb10 code [0x0000021c61c5cd20, 0x0000021c61c5d3a0]
Event: 1803.646 Thread 0x0000021c75015660 18142       3       java.io.BufferedReader::implRead (87 bytes)
Event: 1803.647 Thread 0x0000021c75015660 nmethod 18142 0x0000021c61d83990 code [0x0000021c61d83be0, 0x0000021c61d843b8]
Event: 1803.774 Thread 0x0000021c74ff8900 18144       4       java.lang.StringUTF16::charAt (11 bytes)
Event: 1803.775 Thread 0x0000021c74ff8900 nmethod 18144 0x0000021c69138590 code [0x0000021c69138720, 0x0000021c691387d0]
Event: 1803.783 Thread 0x0000021c75015660 18145       3       java.nio.HeapCharBuffer::slice (49 bytes)
Event: 1803.784 Thread 0x0000021c75015660 nmethod 18145 0x0000021c62134290 code [0x0000021c62134440, 0x0000021c621346a0]
Event: 1803.833 Thread 0x0000021c74ff8900 18146   !   4       sun.nio.ch.IOUtil::read (133 bytes)
Event: 1803.910 Thread 0x0000021c74ff8900 nmethod 18146 0x0000021c693ac990 code [0x0000021c693acd00, 0x0000021c693ae4f8]
Event: 1803.910 Thread 0x0000021c74ff8900 18147   !   4       sun.nio.ch.IOUtil::readIntoNativeBuffer (169 bytes)
Event: 1803.919 Thread 0x0000021c74ff8900 nmethod 18147 0x0000021c68f29490 code [0x0000021c68f296a0, 0x0000021c68f29ad0]
Event: 1803.944 Thread 0x0000021c74ff8900 18148       4       sun.nio.ch.IOUtil::read (14 bytes)
Event: 1803.946 Thread 0x0000021c74ff8900 nmethod 18148 0x0000021c6912e190 code [0x0000021c6912e320, 0x0000021c6912e3c0]
Event: 1804.500 Thread 0x0000021c74ff8900 18149       4       org.cadixdev.bombe.type.TypeReader::readArrayType (42 bytes)
Event: 1804.770 Thread 0x0000021c74ff8900 nmethod 18149 0x0000021c691ed610 code [0x0000021c691eda80, 0x0000021c691f06e8]
Event: 1804.771 Thread 0x0000021c74ff8900 18150       4       java.util.Arrays::fill (21 bytes)
Event: 1804.773 Thread 0x0000021c74ff8900 nmethod 18150 0x0000021c6913fc90 code [0x0000021c6913fe20, 0x0000021c6913ff08]

GC Heap History (20 events):
Event: 953.088 GC heap after
{Heap after GC invocations=48 (full 0):
 garbage-first heap   total 367616K, used 227223K [0x0000000080000000, 0x0000000100000000)
  region size 1024K, 10 young (10240K), 10 survivors (10240K)
 Metaspace       used 106430K, committed 108928K, reserved 1179648K
  class space    used 14386K, committed 15616K, reserved 1048576K
}
Event: 1390.578 GC heap before
{Heap before GC invocations=48 (full 0):
 garbage-first heap   total 367616K, used 312215K [0x0000000080000000, 0x0000000100000000)
  region size 1024K, 94 young (96256K), 10 survivors (10240K)
 Metaspace       used 106879K, committed 109440K, reserved 1179648K
  class space    used 14391K, committed 15680K, reserved 1048576K
}
Event: 1390.918 GC heap after
{Heap after GC invocations=49 (full 0):
 garbage-first heap   total 367616K, used 203488K [0x0000000080000000, 0x0000000100000000)
  region size 1024K, 8 young (8192K), 8 survivors (8192K)
 Metaspace       used 106879K, committed 109440K, reserved 1179648K
  class space    used 14391K, committed 15680K, reserved 1048576K
}
Event: 1394.226 GC heap before
{Heap before GC invocations=49 (full 0):
 garbage-first heap   total 367616K, used 321248K [0x0000000080000000, 0x0000000100000000)
  region size 1024K, 123 young (125952K), 8 survivors (8192K)
 Metaspace       used 107099K, committed 109632K, reserved 1179648K
  class space    used 14393K, committed 15680K, reserved 1048576K
}
Event: 1394.458 GC heap after
{Heap after GC invocations=50 (full 0):
 garbage-first heap   total 399360K, used 265728K [0x0000000080000000, 0x0000000100000000)
  region size 1024K, 16 young (16384K), 16 survivors (16384K)
 Metaspace       used 107099K, committed 109632K, reserved 1179648K
  class space    used 14393K, committed 15680K, reserved 1048576K
}
Event: 1394.689 GC heap before
{Heap before GC invocations=50 (full 0):
 garbage-first heap   total 399360K, used 313856K [0x0000000080000000, 0x0000000100000000)
  region size 1024K, 63 young (64512K), 16 survivors (16384K)
 Metaspace       used 107099K, committed 109632K, reserved 1179648K
  class space    used 14393K, committed 15680K, reserved 1048576K
}
Event: 1394.792 GC heap after
{Heap after GC invocations=51 (full 0):
 garbage-first heap   total 560128K, used 286720K [0x0000000080000000, 0x0000000100000000)
  region size 1024K, 8 young (8192K), 8 survivors (8192K)
 Metaspace       used 107099K, committed 109632K, reserved 1179648K
  class space    used 14393K, committed 15680K, reserved 1048576K
}
Event: 1395.304 GC heap before
{Heap before GC invocations=51 (full 0):
 garbage-first heap   total 560128K, used 350208K [0x0000000080000000, 0x0000000100000000)
  region size 1024K, 70 young (71680K), 8 survivors (8192K)
 Metaspace       used 107099K, committed 109632K, reserved 1179648K
  class space    used 14393K, committed 15680K, reserved 1048576K
}
Event: 1395.368 GC heap after
{Heap after GC invocations=52 (full 0):
 garbage-first heap   total 560128K, used 312320K [0x0000000080000000, 0x0000000100000000)
  region size 1024K, 9 young (9216K), 9 survivors (9216K)
 Metaspace       used 107099K, committed 109632K, reserved 1179648K
  class space    used 14393K, committed 15680K, reserved 1048576K
}
Event: 1747.028 GC heap before
{Heap before GC invocations=53 (full 0):
 garbage-first heap   total 560128K, used 330752K [0x0000000080000000, 0x0000000100000000)
  region size 1024K, 81 young (82944K), 9 survivors (9216K)
 Metaspace       used 107325K, committed 109824K, reserved 1179648K
  class space    used 14396K, committed 15680K, reserved 1048576K
}
Event: 1747.563 GC heap after
{Heap after GC invocations=54 (full 0):
 garbage-first heap   total 560128K, used 266240K [0x0000000080000000, 0x0000000100000000)
  region size 1024K, 11 young (11264K), 11 survivors (11264K)
 Metaspace       used 107325K, committed 109824K, reserved 1179648K
  class space    used 14396K, committed 15680K, reserved 1048576K
}
Event: 1801.015 GC heap before
{Heap before GC invocations=54 (full 0):
 garbage-first heap   total 560128K, used 340992K [0x0000000080000000, 0x0000000100000000)
  region size 1024K, 85 young (87040K), 11 survivors (11264K)
 Metaspace       used 107634K, committed 110144K, reserved 1179648K
  class space    used 14402K, committed 15680K, reserved 1048576K
}
Event: 1801.065 GC heap after
{Heap after GC invocations=55 (full 0):
 garbage-first heap   total 560128K, used 261628K [0x0000000080000000, 0x0000000100000000)
  region size 1024K, 8 young (8192K), 8 survivors (8192K)
 Metaspace       used 107634K, committed 110144K, reserved 1179648K
  class space    used 14402K, committed 15680K, reserved 1048576K
}
Event: 1804.220 GC heap before
{Heap before GC invocations=55 (full 0):
 garbage-first heap   total 560128K, used 361980K [0x0000000080000000, 0x0000000100000000)
  region size 1024K, 106 young (108544K), 8 survivors (8192K)
 Metaspace       used 107788K, committed 110336K, reserved 1179648K
  class space    used 14412K, committed 15680K, reserved 1048576K
}
Event: 1804.497 GC heap after
{Heap after GC invocations=56 (full 0):
 garbage-first heap   total 560128K, used 321536K [0x0000000080000000, 0x0000000100000000)
  region size 1024K, 14 young (14336K), 14 survivors (14336K)
 Metaspace       used 107788K, committed 110336K, reserved 1179648K
  class space    used 14412K, committed 15680K, reserved 1048576K
}
Event: 1804.657 GC heap before
{Heap before GC invocations=56 (full 0):
 garbage-first heap   total 560128K, used 334848K [0x0000000080000000, 0x0000000100000000)
  region size 1024K, 27 young (27648K), 14 survivors (14336K)
 Metaspace       used 107788K, committed 110336K, reserved 1179648K
  class space    used 14412K, committed 15680K, reserved 1048576K
}
Event: 1804.764 GC heap after
{Heap after GC invocations=57 (full 0):
 garbage-first heap   total 560128K, used 316928K [0x0000000080000000, 0x0000000100000000)
  region size 1024K, 4 young (4096K), 4 survivors (4096K)
 Metaspace       used 107788K, committed 110336K, reserved 1179648K
  class space    used 14412K, committed 15680K, reserved 1048576K
}
Event: 1805.060 GC heap before
{Heap before GC invocations=57 (full 0):
 garbage-first heap   total 560128K, used 347648K [0x0000000080000000, 0x0000000100000000)
  region size 1024K, 34 young (34816K), 4 survivors (4096K)
 Metaspace       used 107788K, committed 110336K, reserved 1179648K
  class space    used 14412K, committed 15680K, reserved 1048576K
}
Event: 1805.119 GC heap after
{Heap after GC invocations=58 (full 0):
 garbage-first heap   total 560128K, used 330752K [0x0000000080000000, 0x0000000100000000)
  region size 1024K, 5 young (5120K), 5 survivors (5120K)
 Metaspace       used 107788K, committed 110336K, reserved 1179648K
  class space    used 14412K, committed 15680K, reserved 1048576K
}
Event: 1805.430 GC heap before
{Heap before GC invocations=58 (full 0):
 garbage-first heap   total 560128K, used 353280K [0x0000000080000000, 0x0000000100000000)
  region size 1024K, 27 young (27648K), 5 survivors (5120K)
 Metaspace       used 107788K, committed 110336K, reserved 1179648K
  class space    used 14412K, committed 15680K, reserved 1048576K
}

Dll operation events (16 events):
Event: 0.111 Loaded shared library H:\Program Files\Microsoft\jdk-21.0.9.10-hotspot\bin\java.dll
Event: 0.219 Loaded shared library H:\Program Files\Microsoft\jdk-21.0.9.10-hotspot\bin\jsvml.dll
Event: 0.346 Loaded shared library H:\Program Files\Microsoft\jdk-21.0.9.10-hotspot\bin\zip.dll
Event: 0.354 Loaded shared library H:\Program Files\Microsoft\jdk-21.0.9.10-hotspot\bin\instrument.dll
Event: 0.363 Loaded shared library H:\Program Files\Microsoft\jdk-21.0.9.10-hotspot\bin\net.dll
Event: 0.368 Loaded shared library H:\Program Files\Microsoft\jdk-21.0.9.10-hotspot\bin\nio.dll
Event: 0.375 Loaded shared library H:\Program Files\Microsoft\jdk-21.0.9.10-hotspot\bin\zip.dll
Event: 1.182 Loaded shared library H:\Program Files\Microsoft\jdk-21.0.9.10-hotspot\bin\jimage.dll
Event: 1.940 Loaded shared library H:\Program Files\Microsoft\jdk-21.0.9.10-hotspot\bin\verify.dll
Event: 2.015 Loaded shared library C:\Users\ZT3927\.gradle\native\660c5614fbf4a5f2a75b1949f50a0caf5cd603558e7d8a26e50b933a0cfb79d1\windows-amd64\native-platform.dll
Event: 2.050 Loaded shared library C:\Users\ZT3927\.gradle\native\0.2.8\x86_64-windows-gnu\gradle-fileevents.dll
Event: 5.601 Loaded shared library H:\Program Files\Microsoft\jdk-21.0.9.10-hotspot\bin\management.dll
Event: 5.606 Loaded shared library H:\Program Files\Microsoft\jdk-21.0.9.10-hotspot\bin\management_ext.dll
Event: 5.971 Loaded shared library H:\Program Files\Microsoft\jdk-21.0.9.10-hotspot\bin\extnet.dll
Event: 7.259 Loaded shared library H:\Program Files\Microsoft\jdk-21.0.9.10-hotspot\bin\sunmscapi.dll
Event: 51.783 Loaded shared library H:\Program Files\Microsoft\jdk-21.0.9.10-hotspot\bin\rmi.dll

Deoptimization events (20 events):
Event: 1798.948 Thread 0x0000021c46988110 DEOPT PACKING pc=0x0000021c69362fc0 sp=0x0000005cbf3fdbe0
Event: 1798.948 Thread 0x0000021c46988110 DEOPT UNPACKING pc=0x0000021c688b4422 sp=0x0000005cbf3fdb78 mode 2
Event: 1801.442 Thread 0x0000021c46eb7e70 DEOPT PACKING pc=0x0000021c619936cb sp=0x0000005cbfcf77c0
Event: 1801.442 Thread 0x0000021c46eb7e70 DEOPT UNPACKING pc=0x0000021c688b4bc2 sp=0x0000005cbfcf6c68 mode 0
Event: 1802.685 Thread 0x0000021c46eb7e70 Uncommon trap: trap_request=0xffffffc6 fr.pc=0x0000021c6910ceb0 relative=0x0000000000000110
Event: 1802.685 Thread 0x0000021c46eb7e70 Uncommon trap: reason=bimorphic_or_optimized_type_check action=maybe_recompile pc=0x0000021c6910ceb0 method=com.google.common.collect.RegularImmutableMap.checkNoConflictInKeyBucket(Ljava/lang/Object;Ljava/lang/Object;Lcom/google/common/collect/ImmutableMa
Event: 1802.685 Thread 0x0000021c46eb7e70 DEOPT PACKING pc=0x0000021c6910ceb0 sp=0x0000005cbfcfbe30
Event: 1802.686 Thread 0x0000021c46eb7e70 DEOPT UNPACKING pc=0x0000021c688b4422 sp=0x0000005cbfcfbde8 mode 2
Event: 1803.038 Thread 0x0000021c46eb7e70 Uncommon trap: trap_request=0xffffffbe fr.pc=0x0000021c68e36f6c relative=0x0000000000000c6c
Event: 1803.038 Thread 0x0000021c46eb7e70 Uncommon trap: reason=profile_predicate action=maybe_recompile pc=0x0000021c68e36f6c method=java.io.ObjectStreamClass$FieldReflector.getPrimFieldValues(Ljava/lang/Object;[B)V @ 19 c2
Event: 1803.038 Thread 0x0000021c46eb7e70 DEOPT PACKING pc=0x0000021c68e36f6c sp=0x0000005cbfcf9340
Event: 1803.038 Thread 0x0000021c46eb7e70 DEOPT UNPACKING pc=0x0000021c688b4422 sp=0x0000005cbfcf91e0 mode 2
Event: 1803.039 Thread 0x0000021c46eb7e70 Uncommon trap: trap_request=0xffffffbe fr.pc=0x0000021c68e36f6c relative=0x0000000000000c6c
Event: 1803.039 Thread 0x0000021c46eb7e70 Uncommon trap: reason=profile_predicate action=maybe_recompile pc=0x0000021c68e36f6c method=java.io.ObjectStreamClass$FieldReflector.getPrimFieldValues(Ljava/lang/Object;[B)V @ 19 c2
Event: 1803.039 Thread 0x0000021c46eb7e70 DEOPT PACKING pc=0x0000021c68e36f6c sp=0x0000005cbfcf9040
Event: 1803.039 Thread 0x0000021c46eb7e70 DEOPT UNPACKING pc=0x0000021c688b4422 sp=0x0000005cbfcf8ee0 mode 2
Event: 1803.099 Thread 0x0000021c7ba87a00 Uncommon trap: trap_request=0xffffff45 fr.pc=0x0000021c69269478 relative=0x00000000000001b8
Event: 1803.099 Thread 0x0000021c7ba87a00 Uncommon trap: reason=unstable_if action=reinterpret pc=0x0000021c69269478 method=org.gradle.api.internal.provider.ValueSanitizers.forType(Ljava/lang/Class;)Lorg/gradle/api/internal/provider/ValueSanitizer; @ 33 c2
Event: 1803.099 Thread 0x0000021c7ba87a00 DEOPT PACKING pc=0x0000021c69269478 sp=0x0000005cc0afd9f0
Event: 1803.099 Thread 0x0000021c7ba87a00 DEOPT UNPACKING pc=0x0000021c688b4422 sp=0x0000005cc0afd980 mode 2

Classes loaded (20 events):
Event: 81.772 Loading class java/lang/StackWalker$ExtendedOption
Event: 81.772 Loading class java/lang/StackWalker$ExtendedOption done
Event: 81.772 Loading class java/lang/StackStreamFactory$StackFrameTraverser
Event: 81.773 Loading class java/lang/StackStreamFactory$StackFrameTraverser done
Event: 81.773 Loading class java/lang/StackStreamFactory$WalkerState
Event: 81.774 Loading class java/lang/StackStreamFactory$WalkerState done
Event: 81.774 Loading class java/lang/StackStreamFactory$StackFrameTraverser$StackFrameBuffer
Event: 81.774 Loading class java/lang/StackStreamFactory$FrameBuffer
Event: 81.774 Loading class java/lang/StackStreamFactory$FrameBuffer done
Event: 81.774 Loading class java/lang/StackStreamFactory$StackFrameTraverser$StackFrameBuffer done
Event: 946.128 Loading class jdk/internal/math/FormattedFPDecimal
Event: 946.143 Loading class jdk/internal/math/FormattedFPDecimal done
Event: 946.151 Loading class sun/text/resources/cldr/FormatData_en
Event: 946.207 Loading class sun/text/resources/cldr/FormatData_en done
Event: 949.011 Loading class sun/rmi/transport/DGCClient$EndpointEntry$CleanRequest
Event: 949.013 Loading class sun/rmi/transport/DGCClient$EndpointEntry$CleanRequest done
Event: 952.011 Loading class java/lang/invoke/MethodHandleImpl$CountingWrapper$1
Event: 952.013 Loading class java/lang/invoke/MethodHandleImpl$CountingWrapper$1 done
Event: 1404.337 Loading class java/rmi/server/Unreferenced
Event: 1404.338 Loading class java/rmi/server/Unreferenced done

Classes unloaded (1 events):
Event: 1395.646 Thread 0x0000021c74fd7f70 Unloading class 0x0000021c01c6c000 'java/lang/invoke/LambdaForm$MH+0x0000021c01c6c000'

Classes redefined (0 events):
No events

Internal exceptions (20 events):
Event: 1803.605 Thread 0x0000021c7ba83860 Exception <a 'sun/nio/fs/WindowsException'{0x00000000fec6e9d0}> (0x00000000fec6e9d0) 
thrown [s\src\hotspot\share\prims\jni.cpp, line 520]
Event: 1803.606 Thread 0x0000021c7ba83860 Exception <a 'sun/nio/fs/WindowsException'{0x00000000fec735e0}> (0x00000000fec735e0) 
thrown [s\src\hotspot\share\prims\jni.cpp, line 520]
Event: 1803.608 Thread 0x0000021c7ba83860 Exception <a 'sun/nio/fs/WindowsException'{0x00000000fec79390}> (0x00000000fec79390) 
thrown [s\src\hotspot\share\prims\jni.cpp, line 520]
Event: 1803.608 Thread 0x0000021c7ba83860 Exception <a 'sun/nio/fs/WindowsException'{0x00000000fec79d00}> (0x00000000fec79d00) 
thrown [s\src\hotspot\share\prims\jni.cpp, line 520]
Event: 1803.610 Thread 0x0000021c7ba83860 Exception <a 'sun/nio/fs/WindowsException'{0x00000000fec807d8}> (0x00000000fec807d8) 
thrown [s\src\hotspot\share\prims\jni.cpp, line 520]
Event: 1803.611 Thread 0x0000021c7ba83860 Exception <a 'sun/nio/fs/WindowsException'{0x00000000fec81138}> (0x00000000fec81138) 
thrown [s\src\hotspot\share\prims\jni.cpp, line 520]
Event: 1803.613 Thread 0x0000021c7ba83860 Exception <a 'sun/nio/fs/WindowsException'{0x00000000fec87860}> (0x00000000fec87860) 
thrown [s\src\hotspot\share\prims\jni.cpp, line 520]
Event: 1803.613 Thread 0x0000021c7ba83860 Exception <a 'sun/nio/fs/WindowsException'{0x00000000fec88458}> (0x00000000fec88458) 
thrown [s\src\hotspot\share\prims\jni.cpp, line 520]
Event: 1803.617 Thread 0x0000021c7ba83860 Exception <a 'sun/nio/fs/WindowsException'{0x00000000fec8ee20}> (0x00000000fec8ee20) 
thrown [s\src\hotspot\share\prims\jni.cpp, line 520]
Event: 1803.619 Thread 0x0000021c7ba83860 Exception <a 'sun/nio/fs/WindowsException'{0x00000000fec95228}> (0x00000000fec95228) 
thrown [s\src\hotspot\share\prims\jni.cpp, line 520]
Event: 1803.619 Thread 0x0000021c7ba83860 Exception <a 'sun/nio/fs/WindowsException'{0x00000000fec95990}> (0x00000000fec95990) 
thrown [s\src\hotspot\share\prims\jni.cpp, line 520]
Event: 1803.620 Thread 0x0000021c7ba83860 Exception <a 'sun/nio/fs/WindowsException'{0x00000000fec97848}> (0x00000000fec97848) 
thrown [s\src\hotspot\share\prims\jni.cpp, line 520]
Event: 1803.622 Thread 0x0000021c7ba83860 Exception <a 'sun/nio/fs/WindowsException'{0x00000000fec9d548}> (0x00000000fec9d548) 
thrown [s\src\hotspot\share\prims\jni.cpp, line 520]
Event: 1803.622 Thread 0x0000021c7ba83860 Exception <a 'sun/nio/fs/WindowsException'{0x00000000fec9dec0}> (0x00000000fec9dec0) 
thrown [s\src\hotspot\share\prims\jni.cpp, line 520]
Event: 1803.624 Thread 0x0000021c7ba83860 Exception <a 'sun/nio/fs/WindowsException'{0x00000000feca2ee8}> (0x00000000feca2ee8) 
thrown [s\src\hotspot\share\prims\jni.cpp, line 520]
Event: 1803.625 Thread 0x0000021c7ba83860 Exception <a 'sun/nio/fs/WindowsException'{0x00000000feca3838}> (0x00000000feca3838) 
thrown [s\src\hotspot\share\prims\jni.cpp, line 520]
Event: 1803.626 Thread 0x0000021c7ba83860 Exception <a 'sun/nio/fs/WindowsException'{0x00000000feca9490}> (0x00000000feca9490) 
thrown [s\src\hotspot\share\prims\jni.cpp, line 520]
Event: 1803.626 Thread 0x0000021c7ba83860 Exception <a 'sun/nio/fs/WindowsException'{0x00000000feca9ba8}> (0x00000000feca9ba8) 
thrown [s\src\hotspot\share\prims\jni.cpp, line 520]
Event: 1803.628 Thread 0x0000021c7ba83860 Exception <a 'sun/nio/fs/WindowsException'{0x00000000fecab4e8}> (0x00000000fecab4e8) 
thrown [s\src\hotspot\share\prims\jni.cpp, line 520]
Event: 1803.632 Thread 0x0000021c7ba83860 Exception <a 'sun/nio/fs/WindowsException'{0x00000000fecb07e0}> (0x00000000fecb07e0) 
thrown [s\src\hotspot\share\prims\jni.cpp, line 520]

ZGC Phase Switch (0 events):
No events

VM Operations (20 events):
Event: 1800.723 Executing VM operation: Cleanup done
Event: 1801.015 Executing VM operation: G1CollectForAllocation (G1 Evacuation Pause)
Event: 1801.065 Executing VM operation: G1CollectForAllocation (G1 Evacuation Pause) done
Event: 1802.065 Executing VM operation: Cleanup
Event: 1802.065 Executing VM operation: Cleanup done
Event: 1803.066 Executing VM operation: Cleanup
Event: 1803.080 Executing VM operation: Cleanup done
Event: 1804.080 Executing VM operation: Cleanup
Event: 1804.080 Executing VM operation: Cleanup done
Event: 1804.220 Executing VM operation: G1CollectForAllocation (G1 Evacuation Pause)
Event: 1804.497 Executing VM operation: G1CollectForAllocation (G1 Evacuation Pause) done
Event: 1804.497 Executing VM operation: HandshakeAllThreads (HandshakeForDeflation)
Event: 1804.497 Executing VM operation: HandshakeAllThreads (HandshakeForDeflation) done
Event: 1804.497 Executing VM operation: RendezvousGCThreads
Event: 1804.497 Executing VM operation: RendezvousGCThreads done
Event: 1804.657 Executing VM operation: G1CollectForAllocation (G1 Evacuation Pause)
Event: 1804.764 Executing VM operation: G1CollectForAllocation (G1 Evacuation Pause) done
Event: 1805.060 Executing VM operation: G1CollectForAllocation (G1 Evacuation Pause)
Event: 1805.119 Executing VM operation: G1CollectForAllocation (G1 Evacuation Pause) done
Event: 1805.430 Executing VM operation: G1CollectForAllocation (G1 Evacuation Pause)

Memory protections (0 events):
No events

Nmethod flushes (20 events):
Event: 1395.806 Thread 0x0000021c74fd7f70 flushing  nmethod 0x0000021c626aca90
Event: 1395.806 Thread 0x0000021c74fd7f70 flushing  nmethod 0x0000021c626af410
Event: 1395.806 Thread 0x0000021c74fd7f70 flushing  nmethod 0x0000021c626b0a90
Event: 1395.806 Thread 0x0000021c74fd7f70 flushing  nmethod 0x0000021c626b1090
Event: 1395.806 Thread 0x0000021c74fd7f70 flushing  nmethod 0x0000021c626b1410
Event: 1395.806 Thread 0x0000021c74fd7f70 flushing  nmethod 0x0000021c6275b290
Event: 1395.806 Thread 0x0000021c74fd7f70 flushing  nmethod 0x0000021c6275b890
Event: 1395.806 Thread 0x0000021c74fd7f70 flushing  nmethod 0x0000021c6275bc90
Event: 1395.806 Thread 0x0000021c74fd7f70 flushing  nmethod 0x0000021c6275c090
Event: 1395.806 Thread 0x0000021c74fd7f70 flushing  nmethod 0x0000021c6275ca10
Event: 1395.806 Thread 0x0000021c74fd7f70 flushing  nmethod 0x0000021c627acf90
Event: 1395.806 Thread 0x0000021c74fd7f70 flushing  nmethod 0x0000021c627c0d10
Event: 1395.806 Thread 0x0000021c74fd7f70 flushing  nmethod 0x0000021c627c1090
Event: 1395.806 Thread 0x0000021c74fd7f70 flushing  nmethod 0x0000021c62861c90
Event: 1395.806 Thread 0x0000021c74fd7f70 flushing  nmethod 0x0000021c628fc210
Event: 1395.806 Thread 0x0000021c74fd7f70 flushing  nmethod 0x0000021c628fc710
Event: 1395.806 Thread 0x0000021c74fd7f70 flushing  nmethod 0x0000021c628fd190
Event: 1395.806 Thread 0x0000021c74fd7f70 flushing  nmethod 0x0000021c62901f90
Event: 1395.806 Thread 0x0000021c74fd7f70 flushing  nmethod 0x0000021c62954f90
Event: 1395.806 Thread 0x0000021c74fd7f70 flushing  nmethod 0x0000021c62955310

Events (20 events):
Event: 1800.515 Thread 0x0000021c7ac63c40 Thread added: 0x0000021c46eb7e70
Event: 1800.518 Thread 0x0000021c46eb7e70 Thread added: 0x0000021c46eb8b90
Event: 1800.518 Thread 0x0000021c46eb7e70 Thread added: 0x0000021c46eb49f0
Event: 1800.518 Thread 0x0000021c46eb7e70 Thread added: 0x0000021c46eb2fb0
Event: 1800.528 Thread 0x0000021c46eb8b90 Thread added: 0x0000021c46eb3cd0
Event: 1801.441 Thread 0x0000021c46eb7e70 Thread added: 0x0000021c46eb5710
Event: 1801.442 Thread 0x0000021c46eb7e70 Thread added: 0x0000021c46eb77e0
Event: 1801.443 Thread 0x0000021c46eb7e70 Thread added: 0x0000021c46eb2920
Event: 1801.591 Thread 0x0000021c46eb7e70 Thread added: 0x0000021c46eb9220
Event: 1801.592 Thread 0x0000021c46eb7e70 Thread added: 0x0000021c46eb5da0
Event: 1801.592 Thread 0x0000021c46eb7e70 Thread added: 0x0000021c46eb6ac0
Event: 1802.479 Thread 0x0000021c46eb7e70 Thread added: 0x0000021c46eb2290
Event: 1802.482 Thread 0x0000021c46eb7e70 Thread added: 0x0000021c7ba8a7f0
Event: 1802.483 Thread 0x0000021c46eb7e70 Thread added: 0x0000021c7ba89440
Event: 1803.054 Thread 0x0000021c46eb7e70 Thread added: 0x0000021c7ba87a00
Event: 1803.154 Thread 0x0000021c7ba87a00 Thread added: 0x0000021c7ba88090
Event: 1803.512 Thread 0x0000021c75015660 Thread added: 0x0000021c7dc32130
Event: 1803.514 Thread 0x0000021c46eb8b90 Thread added: 0x0000021c7ba83860
Event: 1803.516 Thread 0x0000021c7c66e130 Thread added: 0x0000021c7ba8ae80
Event: 1803.779 Thread 0x0000021c7dc32130 Thread exited: 0x0000021c7dc32130


Dynamic libraries:
0x00007ff799fa0000 - 0x00007ff799fae000 	H:\Program Files\Microsoft\jdk-21.0.9.10-hotspot\bin\java.exe
0x00007ffc7efd0000 - 0x00007ffc7f1e7000 	C:\Windows\SYSTEM32\ntdll.dll
0x00007ffc7e560000 - 0x00007ffc7e624000 	C:\Windows\System32\KERNEL32.DLL
0x00007ffc7c3b0000 - 0x00007ffc7c755000 	C:\Windows\System32\KERNELBASE.dll
0x00007ffc7c8a0000 - 0x00007ffc7c9b1000 	C:\Windows\System32\ucrtbase.dll
0x00007ffc2a680000 - 0x00007ffc2a698000 	H:\Program Files\Microsoft\jdk-21.0.9.10-hotspot\bin\jli.dll
0x00007ffc69be0000 - 0x00007ffc69bfe000 	H:\Program Files\Microsoft\jdk-21.0.9.10-hotspot\bin\VCRUNTIME140.dll
0x00007ffc7d800000 - 0x00007ffc7d9ae000 	C:\Windows\System32\USER32.dll
0x00007ffc7c9c0000 - 0x00007ffc7c9e6000 	C:\Windows\System32\win32u.dll
0x00007ffc6dd30000 - 0x00007ffc6dfc3000 	C:\Windows\WinSxS\amd64_microsoft.windows.common-controls_6595b64144ccf1df_6.0.22621.2506_none_270c5ae97388e100\COMCTL32.dll
0x00007ffc7d170000 - 0x00007ffc7d199000 	C:\Windows\System32\GDI32.dll
0x00007ffc7d080000 - 0x00007ffc7d127000 	C:\Windows\System32\msvcrt.dll
0x00007ffc7cc00000 - 0x00007ffc7cd19000 	C:\Windows\System32\gdi32full.dll
0x00007ffc7c9f0000 - 0x00007ffc7ca8a000 	C:\Windows\System32\msvcp_win.dll
0x00007ffc7d130000 - 0x00007ffc7d161000 	C:\Windows\System32\IMM32.DLL
0x00007ffc5e350000 - 0x00007ffc5e35c000 	H:\Program Files\Microsoft\jdk-21.0.9.10-hotspot\bin\vcruntime140_1.dll
0x00007ffc2a5b0000 - 0x00007ffc2a639000 	H:\Program Files\Microsoft\jdk-21.0.9.10-hotspot\bin\msvcp140.dll
0x00007ffc282a0000 - 0x00007ffc2904d000 	H:\Program Files\Microsoft\jdk-21.0.9.10-hotspot\bin\server\jvm.dll
0x00007ffc7ed30000 - 0x00007ffc7ede1000 	C:\Windows\System32\ADVAPI32.dll
0x00007ffc7d9c0000 - 0x00007ffc7da66000 	C:\Windows\System32\sechost.dll
0x00007ffc7e2e0000 - 0x00007ffc7e3f7000 	C:\Windows\System32\RPCRT4.dll
0x00007ffc7eec0000 - 0x00007ffc7ef31000 	C:\Windows\System32\WS2_32.dll
0x00007ffc7c210000 - 0x00007ffc7c25d000 	C:\Windows\SYSTEM32\POWRPROF.dll
0x00007ffc636d0000 - 0x00007ffc63704000 	C:\Windows\SYSTEM32\WINMM.dll
0x00007ffc69840000 - 0x00007ffc6984a000 	C:\Windows\SYSTEM32\VERSION.dll
0x00007ffc7c1f0000 - 0x00007ffc7c203000 	C:\Windows\SYSTEM32\UMPDC.dll
0x00007ffc7b310000 - 0x00007ffc7b328000 	C:\Windows\SYSTEM32\kernel.appcore.dll
0x00007ffc4b1b0000 - 0x00007ffc4b1ba000 	H:\Program Files\Microsoft\jdk-21.0.9.10-hotspot\bin\jimage.dll
0x00007ffc5f410000 - 0x00007ffc5f643000 	C:\Windows\SYSTEM32\DBGHELP.DLL
0x00007ffc7e630000 - 0x00007ffc7e9b9000 	C:\Windows\System32\combase.dll
0x00007ffc7ebc0000 - 0x00007ffc7ec97000 	C:\Windows\System32\OLEAUT32.dll
0x00007ffc5f3d0000 - 0x00007ffc5f402000 	C:\Windows\SYSTEM32\dbgcore.DLL
0x00007ffc7c760000 - 0x00007ffc7c7da000 	C:\Windows\System32\bcryptPrimitives.dll
0x00007ffc6c220000 - 0x00007ffc6c230000 	H:\Program Files\Microsoft\jdk-21.0.9.10-hotspot\bin\instrument.dll
0x00007ffc280d0000 - 0x00007ffc280f1000 	H:\Program Files\Microsoft\jdk-21.0.9.10-hotspot\bin\java.dll
0x00007ffc7da80000 - 0x00007ffc7e2d9000 	C:\Windows\System32\SHELL32.dll
0x00007ffc7a240000 - 0x00007ffc7ab34000 	C:\Windows\SYSTEM32\windows.storage.dll
0x00007ffc7a100000 - 0x00007ffc7a23e000 	C:\Windows\SYSTEM32\wintypes.dll
0x00007ffc7e9c0000 - 0x00007ffc7eab3000 	C:\Windows\System32\SHCORE.dll
0x00007ffc7ecc0000 - 0x00007ffc7ed1e000 	C:\Windows\System32\shlwapi.dll
0x00007ffc7c270000 - 0x00007ffc7c296000 	C:\Windows\SYSTEM32\profapi.dll
0x00007ffc27fc0000 - 0x00007ffc28096000 	H:\Program Files\Microsoft\jdk-21.0.9.10-hotspot\bin\jsvml.dll
0x00007ffc27b30000 - 0x00007ffc27b48000 	H:\Program Files\Microsoft\jdk-21.0.9.10-hotspot\bin\zip.dll
0x00007ffc27ed0000 - 0x00007ffc27ee1000 	H:\Program Files\Microsoft\jdk-21.0.9.10-hotspot\bin\net.dll
0x00007ffc74c20000 - 0x00007ffc74d57000 	C:\Windows\SYSTEM32\WINHTTP.dll
0x00007ffc7b7c0000 - 0x00007ffc7b829000 	C:\Windows\system32\mswsock.dll
0x00007ffc27b50000 - 0x00007ffc27b66000 	H:\Program Files\Microsoft\jdk-21.0.9.10-hotspot\bin\nio.dll
0x00007ffc718a0000 - 0x00007ffc718b0000 	H:\Program Files\Microsoft\jdk-21.0.9.10-hotspot\bin\verify.dll
0x00007ffc6cbd0000 - 0x00007ffc6cbf7000 	C:\Users\ZT3927\.gradle\native\660c5614fbf4a5f2a75b1949f50a0caf5cd603558e7d8a26e50b933a0cfb79d1\windows-amd64\native-platform.dll
0x00007ffc386d0000 - 0x00007ffc38747000 	C:\Users\ZT3927\.gradle\native\0.2.8\x86_64-windows-gnu\gradle-fileevents.dll
0x00007ffc72b10000 - 0x00007ffc72b1a000 	H:\Program Files\Microsoft\jdk-21.0.9.10-hotspot\bin\management.dll
0x00007ffc72b00000 - 0x00007ffc72b0c000 	H:\Program Files\Microsoft\jdk-21.0.9.10-hotspot\bin\management_ext.dll
0x00007ffc7ed20000 - 0x00007ffc7ed28000 	C:\Windows\System32\PSAPI.DLL
0x00007ffc7ada0000 - 0x00007ffc7adcd000 	C:\Windows\SYSTEM32\IPHLPAPI.DLL
0x00007ffc7d1a0000 - 0x00007ffc7d1a9000 	C:\Windows\System32\NSI.dll
0x00007ffc392f0000 - 0x00007ffc392f9000 	H:\Program Files\Microsoft\jdk-21.0.9.10-hotspot\bin\extnet.dll
0x00007ffc7ba20000 - 0x00007ffc7ba3b000 	C:\Windows\SYSTEM32\CRYPTSP.dll
0x00007ffc7b270000 - 0x00007ffc7b2a5000 	C:\Windows\system32\rsaenh.dll
0x00007ffc7b8b0000 - 0x00007ffc7b8dc000 	C:\Windows\SYSTEM32\USERENV.dll
0x00007ffc7bc00000 - 0x00007ffc7bc28000 	C:\Windows\SYSTEM32\bcrypt.dll
0x00007ffc7ba10000 - 0x00007ffc7ba1c000 	C:\Windows\SYSTEM32\CRYPTBASE.dll
0x00007ffc39300000 - 0x00007ffc3930e000 	H:\Program Files\Microsoft\jdk-21.0.9.10-hotspot\bin\sunmscapi.dll
0x00007ffc7ca90000 - 0x00007ffc7cbf6000 	C:\Windows\System32\CRYPT32.dll
0x00007ffc7bbd0000 - 0x00007ffc7bbfd000 	C:\Windows\SYSTEM32\ncrypt.dll
0x00007ffc7bb90000 - 0x00007ffc7bbc7000 	C:\Windows\SYSTEM32\NTASN1.dll
0x00007ffc77910000 - 0x00007ffc77918000 	C:\Windows\system32\wshunix.dll
0x00007ffc7b330000 - 0x00007ffc7b364000 	C:\Windows\SYSTEM32\ntmarta.dll
0x00007ffc6a380000 - 0x00007ffc6a387000 	H:\Program Files\Microsoft\jdk-21.0.9.10-hotspot\bin\rmi.dll

JVMTI agents:
C:\Users\ZT3927\.gradle\wrapper\dists\gradle-9.2.0-bin\f4f1mptxfkvsyv6epgkdrsbuj\gradle-9.2.0\lib\agents\gradle-instrumentation-agent-9.2.0.jar path:H:\Program Files\Microsoft\jdk-21.0.9.10-hotspot\bin\instrument.dll, loaded, initialized, instrumentlib options:none

dbghelp: loaded successfully - version: 4.0.5 - missing functions: none
symbol engine: initialized successfully - sym options: 0x614 - pdb path: .;H:\Program Files\Microsoft\jdk-21.0.9.10-hotspot\bin;C:\Windows\SYSTEM32;C:\Windows\WinSxS\amd64_microsoft.windows.common-controls_6595b64144ccf1df_6.0.22621.2506_none_270c5ae97388e100;H:\Program Files\Microsoft\jdk-21.0.9.10-hotspot\bin\server;C:\Users\ZT3927\.gradle\native\660c5614fbf4a5f2a75b1949f50a0caf5cd603558e7d8a26e50b933a0cfb79d1\windows-amd64;C:\Users\ZT3927\.gradle\native\0.2.8\x86_64-windows-gnu

VM Arguments:
jvm_args: --add-opens=java.base/java.lang=ALL-UNNAMED --add-opens=java.base/java.lang.invoke=ALL-UNNAMED --add-opens=java.base/java.util=ALL-UNNAMED --add-opens=java.prefs/java.util.prefs=ALL-UNNAMED --add-exports=jdk.compiler/com.sun.tools.javac.api=ALL-UNNAMED --add-exports=jdk.compiler/com.sun.tools.javac.util=ALL-UNNAMED --add-opens=java.base/java.util=ALL-UNNAMED --add-opens=java.prefs/java.util.prefs=ALL-UNNAMED --add-opens=java.base/java.nio.charset=ALL-UNNAMED --add-opens=java.base/java.net=ALL-UNNAMED --add-opens=java.base/java.util.concurrent=ALL-UNNAMED --add-opens=java.base/java.util.concurrent.atomic=ALL-UNNAMED --add-opens=java.xml/javax.xml.namespace=ALL-UNNAMED --add-opens=java.base/java.time=ALL-UNNAMED -Xmx2G -Dfile.encoding=UTF-8 -Duser.country=CN -Duser.language=zh -Duser.variant -javaagent:C:\Users\ZT3927\.gradle\wrapper\dists\gradle-9.2.0-bin\f4f1mptxfkvsyv6epgkdrsbuj\gradle-9.2.0\lib\agents\gradle-instrumentation-agent-9.2.0.jar 
java_command: org.gradle.launcher.daemon.bootstrap.GradleDaemon 9.2.0
java_class_path (initial): C:\Users\ZT3927\.gradle\wrapper\dists\gradle-9.2.0-bin\f4f1mptxfkvsyv6epgkdrsbuj\gradle-9.2.0\lib\gradle-daemon-main-9.2.0.jar
Launcher Type: SUN_STANDARD

[Global flags]
     intx CICompilerCount                          = 3                                         {product} {ergonomic}
     uint ConcGCThreads                            = 1                                         {product} {ergonomic}
     uint G1ConcRefinementThreads                  = 4                                         {product} {ergonomic}
   size_t G1HeapRegionSize                         = 1048576                                   {product} {ergonomic}
    uintx GCDrainStackTargetSize                   = 64                                        {product} {ergonomic}
   size_t InitialHeapSize                          = 134217728                                 {product} {ergonomic}
   size_t MarkStackSize                            = 4194304                                   {product} {ergonomic}
   size_t MaxHeapSize                              = 2147483648                                {product} {command line}
   size_t MaxNewSize                               = 1287651328                                {product} {ergonomic}
   size_t MinHeapDeltaBytes                        = 1048576                                   {product} {ergonomic}
   size_t MinHeapSize                              = 8388608                                   {product} {ergonomic}
    uintx NonNMethodCodeHeapSize                   = 5832780                                {pd product} {ergonomic}
    uintx NonProfiledCodeHeapSize                  = 122912730                              {pd product} {ergonomic}
    uintx ProfiledCodeHeapSize                     = 122912730                              {pd product} {ergonomic}
    uintx ReservedCodeCacheSize                    = 251658240                              {pd product} {ergonomic}
     bool SegmentedCodeCache                       = true                                      {product} {ergonomic}
   size_t SoftMaxHeapSize                          = 2147483648                             {manageable} {ergonomic}
     bool UseCompressedOops                        = true                           {product lp64_product} {ergonomic}
     bool UseG1GC                                  = true                                      {product} {ergonomic}
     bool UseLargePagesIndividualAllocation        = false                                  {pd product} {ergonomic}

Logging:
Log output configuration:
 #0: stdout all=warning uptime,level,tags foldmultilines=false
 #1: stderr all=off uptime,level,tags foldmultilines=false

Release file:
IMPLEMENTOR="Microsoft" 
IMPLEMENTOR_VERSION="Microsoft-12574459" 
JAVA_RUNTIME_VERSION="21.0.9+10-LTS" 
JAVA_VERSION="21.0.9" 
JAVA_VERSION_DATE="2025-10-21" 
LIBC="default" 
MODULES="java.base java.compiler java.datatransfer java.xml java.prefs java.desktop java.instrument java.logging java.management java.security.sasl java.naming java.rmi java.management.rmi java.net.http java.scripting java.security.jgss java.transaction.xa java.sql java.sql.rowset java.xml.crypto java.se java.smartcardio jdk.accessibility jdk.internal.jvmstat jdk.attach jdk.charsets jdk.internal.opt jdk.zipfs jdk.compiler jdk.crypto.ec jdk.crypto.cryptoki jdk.crypto.mscapi jdk.dynalink jdk.internal.ed jdk.editpad jdk.hotspot.agent jdk.httpserver jdk.incubator.vector jdk.internal.le jdk.internal.vm.ci jdk.internal.vm.compiler jdk.internal.vm.compiler.management jdk.jartool jdk.javadoc jdk.jcmd jdk.management jdk.management.agent jdk.jconsole jdk.jdeps jdk.jdwp.agent jdk.jdi jdk.jfr jdk.jlink jdk.jpackage jdk.jshell jdk.jsobject jdk.jstatd jdk.localedata jdk.management.jfr jdk.naming.dns jdk.naming.rmi jdk.net jdk.nio.mapmode jdk.random jdk.sctp jdk.security.auth jdk.security.jgss jdk.unsupported jdk.unsupported.desktop jdk.xml.dom" 
OS_ARCH="x86_64" 
OS_NAME="Windows" 
SOURCE=".:git:e0bc49609000" 

Environment Variables:
JAVA_HOME=H:\Program Files\Microsoft\jdk-21.0.9.10-hotspot\
PATH=H:\Program Files\Microsoft\jdk-21.0.9.10-hotspot\bin;C:\Windows\system32;C:\Windows;C:\Windows\System32\Wbem;C:\Windows\System32\WindowsPowerShell\v1.0\;C:\Windows\System32\OpenSSH\;H:\Program Files\Microsoft\jdk-21.0.9.10-hotspot\\bin;C:\Program Files\dotnet\;H:\Program Files\Git\cmd;H:\Program Files\nodejs\;C:\Users\ZT3927\AppData\Local\Programs\Python\Python312\Scripts\;C:\Users\ZT3927\AppData\Local\Programs\Python\Python312\;C:\Users\ZT3927\AppData\Local\Microsoft\WindowsApps;C:\Users\ZT3927\AppData\Roaming\npm
USERNAME=ZT3927
OS=Windows_NT
PROCESSOR_IDENTIFIER=Intel64 Family 6 Model 69 Stepping 1, GenuineIntel
TMP=C:\Users\ZT3927\AppData\Local\Temp
TEMP=C:\Users\ZT3927\AppData\Local\Temp




Periodic native trim disabled

---------------  S Y S T E M  ---------------

OS:
 Windows 11 , 64 bit Build 22621 (10.0.22621.2506)
OS uptime: 0 days 0:50 hours

CPU: total 4 (initial active 4) (2 cores per cpu, 2 threads per core) family 6 model 69 stepping 1 microcode 0x26, cx8, cmov, fxsr, ht, mmx, sse, sse2, sse3, ssse3, sse4.1, sse4.2, popcnt, lzcnt, tsc, tscinvbit, avx, avx2, erms, clmul, bmi1, bmi2, fma, vzeroupper, clflush, rdtscp, f16c
Processor Information for the first 4 processors :
  Max Mhz: 2494, Current Mhz: 1895, Mhz Limit: 1895

Memory: 4k page, system-wide physical 8071M (1743M free)
TotalPageFile size 12167M (AvailPageFile size 392M)
current process WorkingSet (physical memory assigned to process): 467M, peak: 648M
current process commit charge ("private bytes"): 880M, peak: 1341M

vm_info: OpenJDK 64-Bit Server VM (21.0.9+10-LTS) for windows-amd64 JRE (21.0.9+10-LTS), built on 2025-10-13T22:04:36Z by "MicrosoftCorporation" with unknown MS VC++:1944

END.
